Workbook

Sheet Truncated VRC01
A1: VRC01 Light Chain | B1: VRC01 Light Chain (PROC) | C1: ∆∆G (Kcal/mol) | E1: VRC01 Heavy Chain | F1: VRC01 Heavy Chain | G1: ∆∆G (Kcal/mol) | J1: 5 ns - Heavy Chain | AA1: 20 ns - Heavy Chain | AV1: 100 ns - Heavy Chain
A2: Q27 | B2: 549 | C2: -0.24 | E2: I30 | F2: 328 | G2: -0.01 | J2: Time | K2: Chain | L2: Residue Number | M2: Mutation | N2: Alanine | O2: DG-Complex | P2: Uncertainty-Complex | Q2: DG-Antibody | R2: Uncertainty-Antibody | S2: DDG | T2: Uncertainty | U2: Uncertainty^2 | V2: Database | W2: Squared Error | X2: Convergence Status | AA2: Time | AB2: Chain | AC2: Residue Number | AD2: Mutation | AE2: Alanine | AF2: DG-Complex | AG2: Uncertainty-Complex | AH2: DG-Antibody | AI2: Uncertainty-Antibody | AJ2: DDG | AK2: Uncertainty | AL2: Uncertainty^2 | AM2: Database | AN2: Squared Error | AO2: Convergence Status | AV2: Time | AW2: Chain | AX2: Residue Number | AY2: Mutation | AZ2: Alanine | BA2: DG-Complex | BB2: Uncertainty-Complex | BC2: DG-Antibody | BD2: Uncertainty-Antibody | BE2: DDG | BF2: Uncertainty | BG2: Uncertainty^2 | BH2: Database | BI2: Squared Error | BJ2: Convergence Status
A3: Y28 | B3: 550 | C3: 0.97 | E3: T33 | F3: 331 | G3: 0.7 | J3: 5 ns | K3: Heavy Chain | L3: I30 | M3: I328 | N3: A328 | O3: -13.536 | P3: 0.457 | Q3: -13.862 | R3: 0.163 | S3: =O3-Q3 -> 0.326 | T3: =SQRT((P3)^2 + (R3)^2) -> 0.48519893 | U3: =T3^2 -> 0.235418 | V3: -0.01 | W3: =(S3-V3)^2 -> 0.112896 | X3: Converged | AA3: 20 ns | AB3: Heavy Chain | AC3: I30 | AD3: I328 | AE3: A328 | AF3: -12.409 | AG3: 0.209 | AH3: -13.033 | AI3: 0.202 | AJ3: =AF3-AH3 -> 0.624 | AK3: =SQRT((AG3)^2 + (AI3)^2) -> 0.29066304 | AL3: =AK3^2 -> 0.084485 | AM3: -0.01 | AN3: =(AJ3-AM3)^2 -> 0.401956 | AO3: Both Sides Convered after 1st 20 ns | AV3: 100 ns | AW3: Heavy Chain | AX3: I30 | AY3: I328 | AZ3: A328 | BA3: -12.769 | BB3: 0.187 | BC3: -13.163 | BD3: 0.079 | BE3: =BA3-BC3 -> 0.394 | BF3: =SQRT((BB3)^2 + (BD3)^2) -> 0.20300246 | BG3: =BF3^2 -> 0.04121 | BH3: -0.01 | BI3: =(BE3-BH3)^2 -> 0.163216 | BJ3: Both Sides Convered after 1st 100 ns
A4: S30 | B4: 552 | C4: -0.15 | E4: W47 | F4: 345 | G4: 1.19 | J4: 5 ns | K4: Heavy Chain | L4: T33 | M4: T331 | N4: A331 | O4: 11.72 | P4: 0.115 | Q4: 11.284 | R4: 0.14 | S4: =O4-Q4 -> 0.436 | T4: =SQRT((P4)^2 + (R4)^2) -> 0.18117671 | U4: =T4^2 -> 0.032825 | V4: 0.7 | W4: =(S4-V4)^2 -> 0.069696 | X4: Converged | AA4: 20 ns | AB4: Heavy Chain | AC4: T33 | AD4: T331 | AE4: A331 | AF4: 11.23 | AG4: 0.182 | AH4: 11.393 | AI4: 0.092 | AJ4: =AF4-AH4 -> -0.163 | AK4: =SQRT((AG4)^2 + (AI4)^2) -> 0.20393136 | AL4: =AK4^2 -> 0.041588 | AM4: 0.7 | AN4: =(AJ4-AM4)^2 -> 0.744769 | AO4: Both Sides Convered after 1st 20 ns | AV4: 100 ns | AW4: Heavy Chain | AX4: T33 | AY4: T331 | AZ4: A331 | BA4: 11.429 | BB4: 0.177 | BC4: 10.743 | BD4: 0.136 | BE4: =BA4-BC4 -> 0.686 | BF4: =SQRT((BB4)^2 + (BD4)^2) -> 0.22321514 | BG4: =BF4^2 -> 0.049825 | BH4: 0.7 | BI4: =(BE4-BH4)^2 -> 0.000196 | BJ4: Both Sides Convered after 1st 100 ns
A5: Y91 | B5: 611 | C5: 2.01 | E5: W50 | F5: 348 | G5: 1.28 | J5: 5 ns | K5: Heavy Chain | L5: G54 | M5: G353 | N5: A353 | O5: 11.25 | P5: 0.308 | Q5: 11.538 | R5: 0.104 | S5: =O5-Q5 -> -0.288 | T5: =SQRT((P5)^2 + (R5)^2) -> 0.3250846 | U5: =T5^2 -> 0.10568 | V5: -1.28 | W5: =(S5-V5)^2 -> 0.984064 | X5: Converged | AA5: 20 ns | AB5: Heavy Chain | AC5: W47 | AD5: W345 | AE5: A345 | AF5: -33.622 | AG5: 0.414 | AH5: -37.578 | AI5: 0.168 | AJ5: =AF5-AH5 -> 3.956 | AK5: =SQRT((AG5)^2 + (AI5)^2) -> 0.44678854 | AL5: =AK5^2 -> 0.19962 | AM5: 1.19 | AN5: =(AJ5-AM5)^2 -> 7.650756 | AO5: Complex averaged for run 213&214. Run 215 has nan. Antibody converged after 2nd 100 ns | AV5: 100 ns | AW5: Heavy Chain | AX5: W47 | AY5: W345 | AZ5: A345 | BA5: -33.622 | BB5: 0.414 | BC5: -37.578 | BD5: 0.168 | BE5: =BA5-BC5 -> 3.956 | BF5: =SQRT((BB5)^2 + (BD5)^2) -> 0.44678854 | BG5: =BF5^2 -> 0.19962 | BH5: 1.19 | BI5: =(BE5-BH5)^2 -> 7.650756 | BJ5: Complex averaged for run 213&214. Run 215 has nan. Antibody converged after 2nd 100 ns
A6: F97 | B6: 613 | C6: 0.85 | E6: G54 | F6: 353 | G6: -1.28 | J6: 5 ns | K6: Heavy Chain | L6: G55 | M6: G354 | N6: A354 | O6: 14.666 | P6: 0.143 | Q6: 13.262 | R6: 0.112 | S6: =O6-Q6 -> 1.404 | T6: =SQRT((P6)^2 + (R6)^2) -> 0.18163975 | U6: =T6^2 -> 0.032993 | V6: 1.26 | W6: =(S6-V6)^2 -> 0.020736 | X6: Converged | AA6: 100 ns | AB6: Heavy Chain | AC6: W50 | AD6: W348 | AE6: A348 | AF6: -40.415 | AG6: 0.307 | AH6: -41.499 | AI6: 0.234 | AJ6: =AF6-AH6 -> 1.084 | AK6: =SQRT((AG6)^2 + (AI6)^2) -> 0.38601166 | AL6: =AK6^2 -> 0.149005 | AM6: 1.28 | AN6: =(AJ6-AM6)^2 -> 0.038416 | AO6: Complex averaged for run213,214, and 215. Antibody converged after 1st 100 ns | AV6: 100 ns | AW6: Heavy Chain | AX6: W50 | AY6: W348 | AZ6: A348 | BA6: -40.415 | BB6: 0.307 | BC6: -41.499 | BD6: 0.234 | BE6: =BA6-BC6 -> 1.084 | BF6: =SQRT((BB6)^2 + (BD6)^2) -> 0.38601166 | BG6: =BF6^2 -> 0.149005 | BH6: 1.28 | BI6: =(BE6-BH6)^2 -> 0.038416 | BJ6: Complex averaged for run213,214, and 215. Antibody converged after 1st 100 ns
A7: V3 | B7: 525 | C7: -0.78 | E7: G55 | F7: 354 | G7: 1.26 | J7: 5 ns | K7: Heavy Chain | L7: V57 | M7: V356 | N7: A356 | O7: -5.458 | P7: 0.167 | Q7: -5.831 | R7: 0.041 | S7: =O7-Q7 -> 0.373 | T7: =SQRT((P7)^2 + (R7)^2) -> 0.1719593 | U7: =T7^2 -> 0.02957 | V7: 1.35 | W7: =(S7-V7)^2 -> 0.954529 | X7: Converged | AA7: 20 ns | AB7: Heavy Chain | AC7: G54 | AD7: G353 | AE7: A353 | AF7: 12.587 | AG7: 0.145 | AH7: 11.454 | AI7: 0.09 | AJ7: =AF7-AH7 -> 1.133 | AK7: =SQRT((AG7)^2 + (AI7)^2) -> 0.17066048 | AL7: =AK7^2 -> 0.029125 | AM7: -1.28 | AN7: =(AJ7-AM7)^2 -> 5.822569 | AO7: Both Sides Convered after 1st 20 ns | AV7: 100 ns | AW7: Heavy Chain | AX7: G54 | AY7: G353 | AZ7: A353 | BA7: 12.144 | BB7: 0.205 | BC7: 11.46 | BD7: 0.08 | BE7: =BA7-BC7 -> 0.684 | BF7: =SQRT((BB7)^2 + (BD7)^2) -> 0.22005681 | BG7: =BF7^2 -> 0.048425 | BH7: -1.28 | BI7: =(BE7-BH7)^2 -> 3.857296 | BJ7: Both Sides Convered after 1st 100 ns
E8: V57 | F8: 356 | G8: 1.35 | J8: 5 ns | K8: Heavy Chain | L8: N58 | M8: N357 | N8: A357 | O8: 70.745 | P8: 0.434 | Q8: 70.07 | R8: 0.04 | S8: =O8-Q8 -> 0.675 | T8: =SQRT((P8)^2 + (R8)^2) -> 0.43583942 | U8: =T8^2 -> 0.189956 | V8: 1.76 | W8: =(S8-V8)^2 -> 1.177225 | X8: Converged | AA8: 20 ns | AB8: Heavy Chain | AC8: G55 | AD8: G354 | AE8: A354 | AF8: 15.213 | AG8: 0.249 | AH8: 13.408 | AI8: 0.07 | AJ8: =AF8-AH8 -> 1.805 | AK8: =SQRT((AG8)^2 + (AI8)^2) -> 0.25865228 | AL8: =AK8^2 -> 0.066901 | AM8: 1.26 | AN8: =(AJ8-AM8)^2 -> 0.297025 | AO8: Both Sides Convered after 1st 20 ns | AV8: 100 ns | AW8: Heavy Chain | AX8: G55 | AY8: G354 | AZ8: A354 | BA8: 14.171 | BB8: 0.232 | BC8: 13.475 | BD8: 0.1 | BE8: =BA8-BC8 -> 0.696 | BF8: =SQRT((BB8)^2 + (BD8)^2) -> 0.25263412 | BG8: =BF8^2 -> 0.063824 | BH8: 1.26 | BI8: =(BE8-BH8)^2 -> 0.318096 | BJ8: Both Sides Convered after 1st 100 ns
E9: N58 | F9: 357 | G9: 1.76 | J9: 5 ns | K9: Heavy Chain | L9: Q64 | M9: Q363 | N9: A363 | O9: 46.478 | P9: 0.284 | Q9: 46.074 | R9: 0.06 | S9: =O9-Q9 -> 0.404 | T9: =SQRT((P9)^2 + (R9)^2) -> 0.29026884 | U9: =T9^2 -> 0.084256 | V9: -0.35 | W9: =(S9-V9)^2 -> 0.568516 | X9: Converged | AA9: 20 ns | AB9: Heavy Chain | AC9: V57 | AD9: V356 | AE9: A356 | AF9: -5.405 | AG9: 0.225 | AH9: -6.15 | AI9: 0.091 | AJ9: =AF9-AH9 -> 0.745 | AK9: =SQRT((AG9)^2 + (AI9)^2) -> 0.24270558 | AL9: =AK9^2 -> 0.058906 | AM9: 1.35 | AN9: =(AJ9-AM9)^2 -> 0.366025 | AO9: Both Sides Convered after 1st 20 ns | AV9: 100 ns | AW9: Heavy Chain | AX9: V57 | AY9: V356 | AZ9: A356 | BA9: -5.207 | BB9: 0.113 | BC9: -6.311 | BD9: 0.048 | BE9: =BA9-BC9 -> 1.104 | BF9: =SQRT((BB9)^2 + (BD9)^2) -> 0.12277215 | BG9: =BF9^2 -> 0.015073 | BH9: 1.35 | BI9: =(BE9-BH9)^2 -> 0.060516 | BJ9: Both Sides Convered after 1st 100 ns
E10: Y59 | F10: 358 | G10: 0.54 | J10: 5 ns | K10: Heavy Chain | L10: M69 | M10: M368 | N10: A368 | O10: -2.585 | P10: 0.118 | Q10: -2.673 | R10: 0.21 | S10: =O10-Q10 -> 0.088 | T10: =SQRT((P10)^2 + (R10)^2) -> 0.24088171 | U10: =T10^2 -> 0.058024 | V10: 0.52 | W10: =(S10-V10)^2 -> 0.186624 | X10: Converged | AA10: 20 ns | AB10: Heavy Chain | AC10: N58 | AD10: N357 | AE10: A357 | AF10: 69.421 | AG10: 0.413 | AH10: 70.144 | AI10: 0.026 | AJ10: =AF10-AH10 -> -0.723 | AK10: =SQRT((AG10)^2 + (AI10)^2) -> 0.41381759 | AL10: =AK10^2 -> 0.171245 | AM10: 1.76 | AN10: =(AJ10-AM10)^2 -> 6.165289 | AO10: Complex converged after 2nd 20 ns, Antibody after 1st 20 ns | AV10: 100 ns | AW10: Heavy Chain | AX10: N58 | AY10: N357 | AZ10: A357 | BA10: 69.168 | BB10: 0.277 | BC10: 70.207 | BD10: 0.029 | BE10: =BA10-BC10 -> -1.039 | BF10: =SQRT((BB10)^2 + (BD10)^2) -> 0.27851391 | BG10: =BF10^2 -> 0.07757 | BH10: 1.76 | BI10: =(BE10-BH10)^2 -> 7.834401 | BJ10: Both Sides Convered after 1st 100 ns
B11: Shown highlighted as below | E11: Q64 | F11: 363 | G11: -0.35 | J11: 5 ns | K11: Heavy Chain | L11: V73 | M11: V372 | N11: A372 | O11: -4.817 | P11: 0.202 | Q11: -5.074 | R11: 0.074 | S11: =O11-Q11 -> 0.257 | T11: =SQRT((P11)^2 + (R11)^2) -> 0.21512787 | U11: =T11^2 -> 0.04628 | V11: 1.08 | W11: =(S11-V11)^2 -> 0.677329 | X11: Converged | AA11: 20 ns | AB11: Heavy Chain | AC11: Y59 | AD11: Y358 | AE11: A358 | AF11: -6.807 | AG11: 0.339 | AH11: -6.854 | AI11: 0.277 | AJ11: =AF11-AH11 -> 0.047 | AK11: =SQRT((AG11)^2 + (AI11)^2) -> 0.43777848 | AL11: =AK11^2 -> 0.19165 | AM11: 0.54 | AN11: =(AJ11-AM11)^2 -> 0.243049 | AO11: Both Sides Convered after 1st 20 ns | AV11: 100 ns | AW11: Heavy Chain | AX11: Y59 | AY11: Y358 | AZ11: A358 | BA11: -5.674 | BB11: 0.216 | BC11: -7.025 | BD11: 0.203 | BE11: =BA11-BC11 -> 1.351 | BF11: =SQRT((BB11)^2 + (BD11)^2) -> 0.29642031 | BG11: =BF11^2 -> 0.087865 | BH11: 0.54 | BI11: =(BE11-BH11)^2 -> 0.657721 | BJ11: Both Sides Convered after 1st 100 ns
A12: Glycan Contact Residues | E12: M69 | F12: 368 | G12: 0.52 | J12: 5 ns | K12: Heavy Chain | L12: Y74 | M12: Y373 | N12: A373 | O12: -8.272 | P12: 0.206 | Q12: -8.335 | R12: 0.154 | S12: =O12-Q12 -> 0.063 | T12: =SQRT((P12)^2 + (R12)^2) -> 0.25720031 | U12: =T12^2 -> 0.066152 | V12: -0.21 | W12: =(S12-V12)^2 -> 0.074529 | X12: Converged | AA12: 20 ns | AB12: Heavy Chain | AC12: Q64 | AD12: Q363 | AE12: A363 | AF12: 46.38 | AG12: 0.126 | AH12: 45.868 | AI12: 0.08 | AJ12: =AF12-AH12 -> 0.512 | AK12: =SQRT((AG12)^2 + (AI12)^2) -> 0.14925147 | AL12: =AK12^2 -> 0.022276 | AM12: -0.35 | AN12: =(AJ12-AM12)^2 -> 0.743044 | AO12: Both Sides Convered after 1st 20 ns | AV12: 100 ns | AW12: Heavy Chain | AX12: Q64 | AY12: Q363 | AZ12: A363 | BA12: 46.331 | BB12: 0.168 | BC12: 46.075 | BD12: 0.048 | BE12: =BA12-BC12 -> 0.256 | BF12: =SQRT((BB12)^2 + (BD12)^2) -> 0.17472264 | BG12: =BF12^2 -> 0.030528 | BH12: -0.35 | BI12: =(BE12-BH12)^2 -> 0.367236 | BJ12: Both Sides Convered after 1st 100 ns
E13: V73 | F13: 372 | G13: 1.08 | U13: SUM | W13: SUM | AA13: 20 ns | AB13: Heavy Chain | AC13: M69 | AD13: M368 | AE13: A368 | AF13: -2.515 | AG13: 0.131 | AH13: -2.371 | AI13: 0.103 | AJ13: =AF13-AH13 -> -0.144 | AK13: =SQRT((AG13)^2 + (AI13)^2) -> 0.16664333 | AL13: =AK13^2 -> 0.02777 | AM13: 0.52 | AN13: =(AJ13-AM13)^2 -> 0.440896 | AO13: Both Sides Convered after 1st 20 ns | AV13: 100 ns | AW13: Heavy Chain | AX13: M69 | AY13: M368 | AZ13: A368 | BA13: -2.576 | BB13: 0.053 | BC13: -2.559 | BD13: 0.074 | BE13: =BA13-BC13 -> -0.017 | BF13: =SQRT((BB13)^2 + (BD13)^2) -> 0.091021975 | BG13: =BF13^2 -> 0.008285 | BH13: 0.52 | BI13: =(BE13-BH13)^2 -> 0.288369 | BJ13: Both Sides Convered after 1st 100 ns
E14: Y100 | F14: 402 | G14: 1.42 | U14: =SUM(U3:U12) -> 0.881154 | W14: =SUM(W3:W12) -> 4.826144 | AA14: 20 ns | AB14: Heavy Chain | AC14: V73 | AD14: V372 | AE14: A372 | AF14: -4.275 | AG14: 0.292 | AH14: -4.675 | AI14: 0.09 | AJ14: =AF14-AH14 -> 0.4 | AK14: =SQRT((AG14)^2 + (AI14)^2) -> 0.30555523 | AL14: =AK14^2 -> 0.093364 | AM14: 1.08 | AN14: =(AJ14-AM14)^2 -> 0.4624 | AO14: Both Sides Convered after 1st 20 ns | AV14: 100 ns | AW14: Heavy Chain | AX14: V73 | AY14: V372 | AZ14: A372 | BA14: -4.014 | BB14: 0.203 | BC14: -4.47 | BD14: 0.137 | BE14: =BA14-BC14 -> 0.456 | BF14: =SQRT((BB14)^2 + (BD14)^2) -> 0.24490406 | BG14: =BF14^2 -> 0.059978 | BH14: 1.08 | BI14: =(BE14-BH14)^2 -> 0.389376 | BJ14: Both Sides Convered after 1st 100 ns
E15: Y74 | F15: Y373 | G15: -0.21 | AA15: 100 ns | AB15: Heavy Chain | AC15: Y100 | AD15: Y402 | AE15: A402 | AF15: -8.488 | AG15: 0.107 | AH15: -9.178 | AI15: 0.229 | AJ15: =AF15-AH15 -> 0.69 | AK15: =SQRT((AG15)^2 + (AI15)^2) -> 0.25276471 | AL15: =AK15^2 -> 0.06389 | AM15: 1.42 | AN15: =(AJ15-AM15)^2 -> 0.5329 | AO15: Both Sides Convered after 1st 100 ns | AV15: 100 ns | AW15: Heavy Chain | AX15: Y100 | AY15: Y402 | AZ15: A402 | BA15: -8.488 | BB15: 0.107 | BC15: -9.178 | BD15: 0.229 | BE15: =BA15-BC15 -> 0.69 | BF15: =SQRT((BB15)^2 + (BD15)^2) -> 0.25276471 | BG15: =BF15^2 -> 0.06389 | BH15: 1.42 | BI15: =(BE15-BH15)^2 -> 0.5329 | BJ15: Both Sides Convered after 1st 100 ns
E16: N100A | F16: 403 | G16: 1.11 | V16: RMSE | W16: =SQRT(W14/10) -> 0.69470454 | AA16: 20 ns | AB16: Heavy Chain | AC16: Y74 | AD16: Y373 | AE16: A373 | AF16: -8.137 | AG16: 0.107 | AH16: -8.55 | AI16: 0.09192388 | AJ16: =AF16-AH16 -> 0.413 | AK16: =SQRT((AG16)^2 + (AI16)^2) -> 0.14106381 | AL16: =AK16^2 -> 0.019899 | AM16: -0.21 | AN16: =(AJ16-AM16)^2 -> 0.388129 | AO16: Both Sides Convered after 1st 20 ns | AV16: 100 ns | AW16: Heavy Chain | AX16: Y74 | AY16: Y373 | AZ16: A373 | BA16: -8.32 | BB16: 0.0813941 | BC16: -8.639 | BD16: 0.02441311 | BE16: =BA16-BC16 -> 0.319 | BF16: =SQRT((BB16)^2 + (BD16)^2) -> 0.084976464 | BG16: =BF16^2 -> 0.0072209995 | BH16: -0.21 | BI16: =(BE16-BH16)^2 -> 0.279841 | BJ16: Both Sides Convered after 1st 100 ns
E17: W100B | F17: 404 | G17: 4.45 | V17: Uncertainty | W17: =SQRT(U14/10) -> 0.29684238 | AA17: 20 ns | AB17: Heavy Chain | AC17: N100A | AD17: N403 | AE17: A403 | AF17: 71.344 | AG17: 0.199 | AH17: 69.975 | AI17: 0.268 | AJ17: =AF17-AH17 -> 1.369 | AK17: =SQRT((AG17)^2 + (AI17)^2) -> 0.33380383 | AL17: =AK17^2 -> 0.111425 | AM17: 1.11 | AN17: =(AJ17-AM17)^2 -> 0.067081 | AO17: Both Sides Convered after 1st 20 ns | AV17: 100 ns | AW17: Heavy Chain | AX17: N100A | AY17: N403 | AZ17: A403 | BA17: 71.228 | BB17: 0.373 | BC17: 69.39 | BD17: 0.107 | BE17: =BA17-BC17 -> 1.838 | BF17: =SQRT((BB17)^2 + (BD17)^2) -> 0.38804381 | BG17: =BF17^2 -> 0.150578 | BH17: 1.11 | BI17: =(BE17-BH17)^2 -> 0.529984 | BJ17: Both Sides Convered after 1st 100 ns
AA18: 100 ns | AB18: Heavy Chain | AC18: W100B | AD18: W404 | AE18: A404 | AF18: -35.639 | AG18: 0.385 | AH18: -40.425 | AI18: 0.127 | AJ18: =AF18-AH18 -> 4.786 | AK18: =SQRT((AG18)^2 + (AI18)^2) -> 0.40540597 | AL18: =AK18^2 -> 0.164354 | AM18: 4.45 | AN18: =(AJ18-AM18)^2 -> 0.112896 | AO18: Complex converged after 2nd 100 ns, Antibody after 1st 100 ns | AV18: 100 ns | AW18: Heavy Chain | AX18: W100B | AY18: W404 | AZ18: A404 | BA18: -35.639 | BB18: 0.385 | BC18: -40.425 | BD18: 0.127 | BE18: =BA18-BC18 -> 4.786 | BF18: =SQRT((BB18)^2 + (BD18)^2) -> 0.40540597 | BG18: =BF18^2 -> 0.164354 | BH18: 4.45 | BI18: =(BE18-BH18)^2 -> 0.112896 | BJ18: Complex converged after 2nd 100 ns, Antibody after 1st 100 ns
J19: 5 ns - Light Chain | AL19: SUM | AN19: SUM | BG19: SUM | BI19: SUM
J20: Time | K20: Chain | L20: Residue Number | M20: Mutation | N20: Alanine | O20: DG-Complex | P20: Uncertainty-Complex | Q20: DG-Antibody | R20: Uncertainty-Antibody | S20: DDG | T20: Uncertainty | U20: Uncertainty^2 | V20: Database | W20: Squared Error | X20: Convergence Status | AL20: =SUM(AL3:AL18) -> 1.495503 | AN20: =SUM(AN3:AN18) -> 24.4772 | BG20: =SUM(BG3:BG18) -> 1.217251 | BI20: =SUM(BI3:BI18) -> 23.081216
J21: 5 ns | K21: Light Chain | L21: Q27 | M21: Q549 | N21: A549 | O21: 46.745 | P21: 0.205 | Q21: 46.756 | R21: 0.157 | S21: =O21-Q21 -> -0.011 | T21: =SQRT((P21)^2 + (R21)^2) -> 0.25821309 | U21: =T21^2 -> 0.066674 | V21: -0.24 | W21: =(S21-V21)^2 -> 0.052441 | X21: Converged
J22: 5 ns | K22: Light Chain | L22: Y28 | M22: Y550 | N22: A550 | O22: -8.67 | P22: 0.206 | Q22: -9.001 | R22: 0.171 | S22: =O22-Q22 -> 0.331 | T22: =SQRT((P22)^2 + (R22)^2) -> 0.26772561 | U22: =T22^2 -> 0.071677 | V22: 0.97 | W22: =(S22-V22)^2 -> 0.408321 | X22: Converged | AM22: RMSE | AN22: =SQRT(AN20/16) -> 1.2368609 | BH22: RMSE | BI22: =SQRT(BI20/16) -> 1.2010729
J23: 5 ns | K23: Light Chain | L23: S30 | M23: S552 | N23: A552 | O23: -8.53 | P23: 0.094 | Q23: -8.322 | R23: 0.18 | S23: =O23-Q23 -> -0.208 | T23: =SQRT((P23)^2 + (R23)^2) -> 0.20306649 | U23: =T23^2 -> 0.041236 | V23: -0.15 | W23: =(S23-V23)^2 -> 0.003364 | X23: Converged | AM23: Uncertainty | AN23: =SQRT(AL20/16) -> 0.3057269 | BH23: Uncertainty | BI23: =SQRT(BG20/16) -> 0.27582275
J24: 5 ns | K24: Light Chain | L24: V3 | M24: V525 | N24: A525 | O24: -11.339 | P24: 0.282 | Q24: -10.26 | R24: 0.121 | S24: =O24-Q24 -> -1.079 | T24: =SQRT((P24)^2 + (R24)^2) -> 0.30686316 | U24: =T24^2 -> 0.094165 | V24: -0.78 | W24: =(S24-V24)^2 -> 0.089401 | X24: Converged | AA24: 20 ns - Light Chain | AV24: 100 ns - Light Chain
U25: SUM | W25: SUM | AA25: Time | AB25: Chain | AC25: Residue Number | AD25: Mutation | AE25: Alanine | AF25: DG-Complex | AG25: Uncertainty-Complex | AH25: DG-Antibody | AI25: Uncertainty-Antibody | AJ25: DDG | AK25: Uncertainty | AL25: Uncertainty^2 | AM25: Database | AN25: Squared Error | AO25: Convergence Status | AV25: Time | AW25: Chain | AX25: Residue Number | AY25: Mutation | AZ25: Alanine | BA25: DG-Complex | BB25: Uncertainty-Complex | BC25: DG-Antibody | BD25: Uncertainty-Antibody | BE25: DDG | BF25: Uncertainty | BG25: Uncertainty^2 | BH25: Database | BI25: Squared Error | BJ25: Convergence Status
U26: =SUM(U21:U24) -> 0.273752 | W26: =SUM(W21:W24) -> 0.553527 | AA26: 20 ns | AB26: Light Chain | AC26: Q27 | AD26: Q549 | AE26: A549 | AF26: 46.597 | AG26: 0.138 | AH26: 46.381 | AI26: 0.076 | AJ26: =AF26-AH26 -> 0.216 | AK26: =SQRT((AG26)^2 + (AI26)^2) -> 0.15754364 | AL26: =AK26^2 -> 0.02482 | AM26: -0.24 | AN26: =(AJ26-AM26)^2 -> 0.207936 | AO26: Both Sides Convered after 1st 20 ns | AV26: 100 ns | AW26: Light Chain | AX26: Q27 | AY26: Q549 | AZ26: A549 | BA26: 46.501 | BB26: 0.09 | BC26: 46.497 | BD26: 0.082 | BE26: =BA26-BC26 -> 0.004 | BF26: =SQRT((BB26)^2 + (BD26)^2) -> 0.12175385 | BG26: =BF26^2 -> 0.014824 | BH26: -0.24 | BI26: =(BE26-BH26)^2 -> 0.059536 | BJ26: Conplex and antibody converged after 1st 100 ns
AA27: 100 ns | AB27: Light Chain | AC27: Y28 | AD27: Y550 | AE27: A550 | AF27: -8.877 | AG27: 0.029 | AH27: -8.448 | AI27: 0.115 | AJ27: =AF27-AH27 -> -0.429 | AK27: =SQRT((AG27)^2 + (AI27)^2) -> 0.11860017 | AL27: =AK27^2 -> 0.014066 | AM27: 0.97 | AN27: =(AJ27-AM27)^2 -> 1.957201 | AO27: Conplex and antibody converged after 1st 100 ns | AV27: 100 ns | AW27: Light Chain | AX27: Y28 | AY27: Y550 | AZ27: A550 | BA27: -8.877 | BB27: 0.029 | BC27: -8.448 | BD27: 0.115 | BE27: =BA27-BC27 -> -0.429 | BF27: =SQRT((BB27)^2 + (BD27)^2) -> 0.11860017 | BG27: =BF27^2 -> 0.014066 | BH27: 0.97 | BI27: =(BE27-BH27)^2 -> 1.957201 | BJ27: Conplex and antibody converged after 1st 100 ns
V28: RMSE | W28: =SQRT(W26/4) -> 0.37199698 | AA28: 100 ns | AB28: Light Chain | AC28: S30 | AD28: S552 | AE28: A552 | AF28: -8.381 | AG28: 0.062 | AH28: -8.229 | AI28: 0.073 | AJ28: =AF28-AH28 -> -0.152 | AK28: =SQRT((AG28)^2 + (AI28)^2) -> 0.09577578 | AL28: =AK28^2 -> 0.009173 | AM28: -0.15 | AN28: =(AJ28-AM28)^2 -> 4e-06 | AO28: Conplex and antibody converged after 1st 100 ns | AV28: 100 ns | AW28: Light Chain | AX28: S30 | AY28: S552 | AZ28: A552 | BA28: -8.381 | BB28: 0.062 | BC28: -8.229 | BD28: 0.073 | BE28: =BA28-BC28 -> -0.152 | BF28: =SQRT((BB28)^2 + (BD28)^2) -> 0.09577578 | BG28: =BF28^2 -> 0.009173 | BH28: -0.15 | BI28: =(BE28-BH28)^2 -> 4e-06 | BJ28: Conplex and antibody converged after 1st 100 ns
V29: Uncertainty | W29: =SQRT(U26/4) -> 0.26160657 | AA29: 100 ns | AB29: Light Chain | AC29: Y91 | AD29: Y611 | AE29: A611 | AF29: -5.702 | AG29: 0.241 | AH29: -7.963 | AI29: 0.096 | AJ29: =AF29-AH29 -> 2.261 | AK29: =SQRT((AG29)^2 + (AI29)^2) -> 0.25941665 | AL29: =AK29^2 -> 0.067297 | AM29: 2.01 | AN29: =(AJ29-AM29)^2 -> 0.063001 | AO29: Conplex and antibody converged after 1st 100 ns | AV29: 100 ns | AW29: Light Chain | AX29: Y91 | AY29: Y611 | AZ29: A611 | BA29: -5.702 | BB29: 0.241 | BC29: -7.963 | BD29: 0.096 | BE29: =BA29-BC29 -> 2.261 | BF29: =SQRT((BB29)^2 + (BD29)^2) -> 0.25941665 | BG29: =BF29^2 -> 0.067297 | BH29: 2.01 | BI29: =(BE29-BH29)^2 -> 0.063001 | BJ29: Conplex and antibody converged after 1st 100 ns
J30: 5 ns - All | AA30: 20 ns | AB30: Light Chain | AC30: F97 | AD30: F613 | AE30: A613 | AF30: -23.72 | AG30: 0.117 | AH30: -23.589 | AI30: 0.141 | AJ30: =AF30-AH30 -> -0.131 | AK30: =SQRT((AG30)^2 + (AI30)^2) -> 0.18322118 | AL30: =AK30^2 -> 0.03357 | AM30: 0.85 | AN30: =(AJ30-AM30)^2 -> 0.962361 | AO30: Complex converged after 2nd 20 ns, antibody converged after 1st 20 ns | AV30: 100 ns | AW30: Light Chain | AX30: F97 | AY30: F613 | AZ30: A613 | BA30: -23.943 | BB30: 0.187 | BC30: -24.111 | BD30: 0.116 | BE30: =BA30-BC30 -> 0.168 | BF30: =SQRT((BB30)^2 + (BD30)^2) -> 0.22005681 | BG30: =BF30^2 -> 0.048425 | BH30: 0.85 | BI30: =(BE30-BH30)^2 -> 0.465124 | BJ30: Conplex and antibody converged after 1st 100 ns
J31: Time | K31: Chain | L31: Residue Number | M31: Mutation | N31: Alanine | O31: DG-Complex | P31: Uncertainty-Complex | Q31: DG-Antibody | R31: Uncertainty-Antibody | S31: DDG | T31: Uncertainty | U31: Uncertainty^2 | V31: Database | W31: Squared Error | AA31: 20 ns | AB31: Light Chain | AC31: V3 | AD31: V525 | AE31: A525 | AF31: -11.115 | AG31: 0.283 | AH31: -10.105 | AI31: 0.123 | AJ31: =AF31-AH31 -> -1.01 | AK31: =SQRT((AG31)^2 + (AI31)^2) -> 0.30857414 | AL31: =AK31^2 -> 0.095218 | AM31: -0.78 | AN31: =(AJ31-AM31)^2 -> 0.0529 | AO31: Both Sides Convered after 1st 20 ns | AV31: 100 ns | AW31: Light Chain | AX31: V3 | AY31: V525 | AZ31: A525 | BA31: -10.511 | BB31: 0.139 | BC31: -10.164 | BD31: 0.04 | BE31: =BA31-BC31 -> -0.347 | BF31: =SQRT((BB31)^2 + (BD31)^2) -> 0.14464093 | BG31: =BF31^2 -> 0.020921 | BH31: -0.78 | BI31: =(BE31-BH31)^2 -> 0.187489 | BJ31: Conplex and antibody converged after 1st 100 ns
J32: 5 ns | K32: Heavy Chain | L32: I30 | M32: I328 | N32: A328 | O32: -13.536 | P32: 0.457 | Q32: -13.862 | R32: 0.163 | S32: =O32-Q32 -> 0.326 | T32: =SQRT((P32)^2 + (R32)^2) -> 0.48519893 | U32: =T32^2 -> 0.235418 | V32: -0.01 | W32: =(S32-V32)^2 -> 0.112896 | AL32: SUM | AN32: SUM | BG32: SUM | BI32: SUM
J33: 5 ns | K33: Heavy Chain | L33: T33 | M33: T331 | N33: A331 | O33: 11.72 | P33: 0.115 | Q33: 11.284 | R33: 0.14 | S33: =O33-Q33 -> 0.436 | T33: =SQRT((P33)^2 + (R33)^2) -> 0.18117671 | U33: =T33^2 -> 0.032825 | V33: 0.7 | W33: =(S33-V33)^2 -> 0.069696 | AL33: =SUM(AL26:AL31) -> 0.244144 | AN33: =SUM(AN26:AN31) -> 3.243403 | BG33: =SUM(BG26:BG31) -> 0.174706 | BI33: =SUM(BI26:BI31) -> 2.732355
J34: 5 ns | K34: Heavy Chain | L34: G54 | M34: G353 | N34: A353 | O34: 11.25 | P34: 0.308 | Q34: 11.538 | R34: 0.104 | S34: =O34-Q34 -> -0.288 | T34: =SQRT((P34)^2 + (R34)^2) -> 0.3250846 | U34: =T34^2 -> 0.10568 | V34: -1.28 | W34: =(S34-V34)^2 -> 0.984064
J35: 5 ns | K35: Heavy Chain | L35: G55 | M35: G354 | N35: A354 | O35: 14.666 | P35: 0.143 | Q35: 13.262 | R35: 0.112 | S35: =O35-Q35 -> 1.404 | T35: =SQRT((P35)^2 + (R35)^2) -> 0.18163975 | U35: =T35^2 -> 0.032993 | V35: 1.26 | W35: =(S35-V35)^2 -> 0.020736 | AM35: RMSE | AN35: =SQRT(AN33/6) -> 0.73523273 | BH35: RMSE | BI35: =SQRT(BI33/6) -> 0.67482776
J36: 5 ns | K36: Heavy Chain | L36: V57 | M36: V356 | N36: A356 | O36: -5.458 | P36: 0.167 | Q36: -5.831 | R36: 0.041 | S36: =O36-Q36 -> 0.373 | T36: =SQRT((P36)^2 + (R36)^2) -> 0.1719593 | U36: =T36^2 -> 0.02957 | V36: 1.35 | W36: =(S36-V36)^2 -> 0.954529 | AM36: Uncertainty | AN36: =SQRT(AL33/6) -> 0.20171928 | BH36: Uncertainty | BI36: =SQRT(BG33/6) -> 0.170639
J37: 5 ns | K37: Heavy Chain | L37: N58 | M37: N357 | N37: A357 | O37: 70.745 | P37: 0.434 | Q37: 70.07 | R37: 0.04 | S37: =O37-Q37 -> 0.675 | T37: =SQRT((P37)^2 + (R37)^2) -> 0.43583942 | U37: =T37^2 -> 0.189956 | V37: 1.76 | W37: =(S37-V37)^2 -> 1.177225 | AV37: 100 ns - All
J38: 5 ns | K38: Heavy Chain | L38: Q64 | M38: Q363 | N38: A363 | O38: 46.478 | P38: 0.284 | Q38: 46.074 | R38: 0.06 | S38: =O38-Q38 -> 0.404 | T38: =SQRT((P38)^2 + (R38)^2) -> 0.29026884 | U38: =T38^2 -> 0.084256 | V38: -0.35 | W38: =(S38-V38)^2 -> 0.568516 | AA38: 20 ns -All | AV38: Time | AW38: Chain | AX38: Residue Number | AY38: Mutation | AZ38: Alanine | BA38: DG-Complex | BB38: Uncertainty-Complex | BC38: DG-Antibody | BD38: Uncertainty-Antibody | BE38: DDG | BF38: Uncertainty | BG38: Uncertainty^2 | BH38: Database | BI38: Squared Error
J39: 5 ns | K39: Heavy Chain | L39: M69 | M39: M368 | N39: A368 | O39: -2.585 | P39: 0.118 | Q39: -2.673 | R39: 0.21 | S39: =O39-Q39 -> 0.088 | T39: =SQRT((P39)^2 + (R39)^2) -> 0.24088171 | U39: =T39^2 -> 0.058024 | V39: 0.52 | W39: =(S39-V39)^2 -> 0.186624 | AA39: Time | AB39: Chain | AC39: Residue Number | AD39: Mutation | AE39: Alanine | AF39: DG-Complex | AG39: Uncertainty-Complex | AH39: DG-Antibody | AI39: Uncertainty-Antibody | AJ39: DDG | AK39: Uncertainty | AL39: Uncertainty^2 | AM39: Database | AN39: Squared Error | AV39: 100 ns | AW39: Heavy Chain | AX39: I30 | AY39: I328 | AZ39: A328 | BA39: -12.769 | BB39: 0.187 | BC39: -13.163 | BD39: 0.079 | BE39: =BA39-BC39 -> 0.394 | BF39: =SQRT((BB39)^2 + (BD39)^2) -> 0.20300246 | BG39: =BF39^2 -> 0.04121 | BH39: -0.01 | BI39: =(BE39-BH39)^2 -> 0.163216
J40: 5 ns | K40: Heavy Chain | L40: V73 | M40: V372 | N40: A372 | O40: -4.817 | P40: 0.202 | Q40: -5.074 | R40: 0.074 | S40: =O40-Q40 -> 0.257 | T40: =SQRT((P40)^2 + (R40)^2) -> 0.21512787 | U40: =T40^2 -> 0.04628 | V40: 1.08 | W40: =(S40-V40)^2 -> 0.677329 | AA40: 20 ns | AB40: Heavy Chain | AC40: I30 | AD40: I328 | AE40: A328 | AF40: -12.409 | AG40: 0.209 | AH40: -13.033 | AI40: 0.202 | AJ40: =AF40-AH40 -> 0.624 | AK40: =SQRT((AG40)^2 + (AI40)^2) -> 0.29066304 | AL40: =AK40^2 -> 0.084485 | AM40: -0.01 | AN40: =(AJ40-AM40)^2 -> 0.401956 | AV40: 100 ns | AW40: Heavy Chain | AX40: T33 | AY40: T331 | AZ40: A331 | BA40: 11.429 | BB40: 0.177 | BC40: 10.743 | BD40: 0.136 | BE40: =BA40-BC40 -> 0.686 | BF40: =SQRT((BB40)^2 + (BD40)^2) -> 0.22321514 | BG40: =BF40^2 -> 0.049825 | BH40: 0.7 | BI40: =(BE40-BH40)^2 -> 0.000196
J41: 5 ns | K41: Heavy Chain | L41: Y74 | M41: Y373 | N41: A373 | O41: -8.272 | P41: 0.206 | Q41: -8.335 | R41: 0.154 | S41: =O41-Q41 -> 0.063 | T41: =SQRT((P41)^2 + (R41)^2) -> 0.25720031 | U41: =T41^2 -> 0.066152 | V41: -0.21 | W41: =(S41-V41)^2 -> 0.074529 | AA41: 20 ns | AB41: Heavy Chain | AC41: T33 | AD41: T331 | AE41: A331 | AF41: 11.23 | AG41: 0.182 | AH41: 11.393 | AI41: 0.092 | AJ41: =AF41-AH41 -> -0.163 | AK41: =SQRT((AG41)^2 + (AI41)^2) -> 0.20393136 | AL41: =AK41^2 -> 0.041588 | AM41: 0.7 | AN41: =(AJ41-AM41)^2 -> 0.744769 | AV41: 100 ns | AW41: Heavy Chain | AX41: W47 | AY41: W345 | AZ41: A345 | BA41: -33.622 | BB41: 0.414 | BC41: -37.578 | BD41: 0.168 | BE41: =BA41-BC41 -> 3.956 | BF41: =SQRT((BB41)^2 + (BD41)^2) -> 0.44678854 | BG41: =BF41^2 -> 0.19962 | BH41: 1.19 | BI41: =(BE41-BH41)^2 -> 7.650756
J42: 5 ns | K42: Light Chain | L42: Q27 | M42: Q549 | N42: A549 | O42: 46.745 | P42: 0.205 | Q42: 46.756 | R42: 0.157 | S42: =O42-Q42 -> -0.011 | T42: =SQRT((P42)^2 + (R42)^2) -> 0.25821309 | U42: =T42^2 -> 0.066674 | V42: -0.24 | W42: =(S42-V42)^2 -> 0.052441 | AA42: 20 ns | AB42: Heavy Chain | AC42: W47 | AD42: W345 | AE42: A345 | AF42: -33.622 | AG42: 0.414 | AH42: -37.578 | AI42: 0.168 | AJ42: =AF42-AH42 -> 3.956 | AK42: =SQRT((AG42)^2 + (AI42)^2) -> 0.44678854 | AL42: =AK42^2 -> 0.19962 | AM42: 1.19 | AN42: =(AJ42-AM42)^2 -> 7.650756 | AV42: 100 ns | AW42: Heavy Chain | AX42: W50 | AY42: W348 | AZ42: A348 | BA42: -40.415 | BB42: 0.307 | BC42: -41.499 | BD42: 0.234 | BE42: =BA42-BC42 -> 1.084 | BF42: =SQRT((BB42)^2 + (BD42)^2) -> 0.38601166 | BG42: =BF42^2 -> 0.149005 | BH42: 1.28 | BI42: =(BE42-BH42)^2 -> 0.038416
J43: 5 ns | K43: Light Chain | L43: Y28 | M43: Y550 | N43: A550 | O43: -8.67 | P43: 0.206 | Q43: -9.001 | R43: 0.171 | S43: =O43-Q43 -> 0.331 | T43: =SQRT((P43)^2 + (R43)^2) -> 0.26772561 | U43: =T43^2 -> 0.071677 | V43: 0.97 | W43: =(S43-V43)^2 -> 0.408321 | AA43: 100 ns | AB43: Heavy Chain | AC43: W50 | AD43: W348 | AE43: A348 | AF43: -40.415 | AG43: 0.307 | AH43: -41.499 | AI43: 0.234 | AJ43: =AF43-AH43 -> 1.084 | AK43: =SQRT((AG43)^2 + (AI43)^2) -> 0.38601166 | AL43: =AK43^2 -> 0.149005 | AM43: 1.28 | AN43: =(AJ43-AM43)^2 -> 0.038416 | AV43: 100 ns | AW43: Heavy Chain | AX43: G54 | AY43: G353 | AZ43: A353 | BA43: 12.144 | BB43: 0.205 | BC43: 11.46 | BD43: 0.08 | BE43: =BA43-BC43 -> 0.684 | BF43: =SQRT((BB43)^2 + (BD43)^2) -> 0.22005681 | BG43: =BF43^2 -> 0.048425 | BH43: -1.28 | BI43: =(BE43-BH43)^2 -> 3.857296
J44: 5 ns | K44: Light Chain | L44: S30 | M44: S552 | N44: A552 | O44: -8.53 | P44: 0.094 | Q44: -8.322 | R44: 0.18 | S44: =O44-Q44 -> -0.208 | T44: =SQRT((P44)^2 + (R44)^2) -> 0.20306649 | U44: =T44^2 -> 0.041236 | V44: -0.15 | W44: =(S44-V44)^2 -> 0.003364 | AA44: 20 ns | AB44: Heavy Chain | AC44: G54 | AD44: G353 | AE44: A353 | AF44: 12.587 | AG44: 0.145 | AH44: 11.454 | AI44: 0.09 | AJ44: =AF44-AH44 -> 1.133 | AK44: =SQRT((AG44)^2 + (AI44)^2) -> 0.17066048 | AL44: =AK44^2 -> 0.029125 | AM44: -1.28 | AN44: =(AJ44-AM44)^2 -> 5.822569 | AV44: 100 ns | AW44: Heavy Chain | AX44: G55 | AY44: G354 | AZ44: A354 | BA44: 14.171 | BB44: 0.232 | BC44: 13.475 | BD44: 0.1 | BE44: =BA44-BC44 -> 0.696 | BF44: =SQRT((BB44)^2 + (BD44)^2) -> 0.25263412 | BG44: =BF44^2 -> 0.063824 | BH44: 1.26 | BI44: =(BE44-BH44)^2 -> 0.318096
J45: 5 ns | K45: Light Chain | L45: V3 | M45: V525 | N45: A525 | O45: -11.339 | P45: 0.282 | Q45: -10.26 | R45: 0.121 | S45: =O45-Q45 -> -1.079 | T45: =SQRT((P45)^2 + (R45)^2) -> 0.30686316 | U45: =T45^2 -> 0.094165 | V45: -0.78 | W45: =(S45-V45)^2 -> 0.089401 | AA45: 20 ns | AB45: Heavy Chain | AC45: G55 | AD45: G354 | AE45: A354 | AF45: 15.213 | AG45: 0.249 | AH45: 13.408 | AI45: 0.07 | AJ45: =AF45-AH45 -> 1.805 | AK45: =SQRT((AG45)^2 + (AI45)^2) -> 0.25865228 | AL45: =AK45^2 -> 0.066901 | AM45: 1.26 | AN45: =(AJ45-AM45)^2 -> 0.297025 | AV45: 100 ns | AW45: Heavy Chain | AX45: V57 | AY45: V356 | AZ45: A356 | BA45: -5.207 | BB45: 0.113 | BC45: -6.311 | BD45: 0.048 | BE45: =BA45-BC45 -> 1.104 | BF45: =SQRT((BB45)^2 + (BD45)^2) -> 0.12277215 | BG45: =BF45^2 -> 0.015073 | BH45: 1.35 | BI45: =(BE45-BH45)^2 -> 0.060516
U46: SUM | W46: SUM | AA46: 20 ns | AB46: Heavy Chain | AC46: V57 | AD46: V356 | AE46: A356 | AF46: -5.405 | AG46: 0.225 | AH46: -6.15 | AI46: 0.091 | AJ46: =AF46-AH46 -> 0.745 | AK46: =SQRT((AG46)^2 + (AI46)^2) -> 0.24270558 | AL46: =AK46^2 -> 0.058906 | AM46: 1.35 | AN46: =(AJ46-AM46)^2 -> 0.366025 | AV46: 100 ns | AW46: Heavy Chain | AX46: N58 | AY46: N357 | AZ46: A357 | BA46: 69.168 | BB46: 0.277 | BC46: 70.207 | BD46: 0.029 | BE46: =BA46-BC46 -> -1.039 | BF46: =SQRT((BB46)^2 + (BD46)^2) -> 0.27851391 | BG46: =BF46^2 -> 0.07757 | BH46: 1.76 | BI46: =(BE46-BH46)^2 -> 7.834401
U47: =SUM(U32:U45) -> 1.154906 | W47: =SUM(W32:W45) -> 5.379671 | AA47: 20 ns | AB47: Heavy Chain | AC47: N58 | AD47: N357 | AE47: A357 | AF47: 69.421 | AG47: 0.413 | AH47: 70.144 | AI47: 0.026 | AJ47: =AF47-AH47 -> -0.723 | AK47: =SQRT((AG47)^2 + (AI47)^2) -> 0.41381759 | AL47: =AK47^2 -> 0.171245 | AM47: 1.76 | AN47: =(AJ47-AM47)^2 -> 6.165289 | AV47: 100 ns | AW47: Heavy Chain | AX47: Y59 | AY47: Y358 | AZ47: A358 | BA47: -5.674 | BB47: 0.216 | BC47: -7.025 | BD47: 0.203 | BE47: =BA47-BC47 -> 1.351 | BF47: =SQRT((BB47)^2 + (BD47)^2) -> 0.29642031 | BG47: =BF47^2 -> 0.087865 | BH47: 0.54 | BI47: =(BE47-BH47)^2 -> 0.657721
AA48: 20 ns | AB48: Heavy Chain | AC48: Y59 | AD48: Y358 | AE48: A358 | AF48: -6.807 | AG48: 0.339 | AH48: -6.854 | AI48: 0.277 | AJ48: =AF48-AH48 -> 0.047 | AK48: =SQRT((AG48)^2 + (AI48)^2) -> 0.43777848 | AL48: =AK48^2 -> 0.19165 | AM48: 0.54 | AN48: =(AJ48-AM48)^2 -> 0.243049 | AV48: 100 ns | AW48: Heavy Chain | AX48: Q64 | AY48: Q363 | AZ48: A363 | BA48: 46.331 | BB48: 0.168 | BC48: 46.075 | BD48: 0.048 | BE48: =BA48-BC48 -> 0.256 | BF48: =SQRT((BB48)^2 + (BD48)^2) -> 0.17472264 | BG48: =BF48^2 -> 0.030528 | BH48: -0.35 | BI48: =(BE48-BH48)^2 -> 0.367236
V49: RMSE | W49: =SQRT(W47/14) -> 0.61988887 | AA49: 20 ns | AB49: Heavy Chain | AC49: Q64 | AD49: Q363 | AE49: A363 | AF49: 46.38 | AG49: 0.126 | AH49: 45.868 | AI49: 0.08 | AJ49: =AF49-AH49 -> 0.512 | AK49: =SQRT((AG49)^2 + (AI49)^2) -> 0.14925147 | AL49: =AK49^2 -> 0.022276 | AM49: -0.35 | AN49: =(AJ49-AM49)^2 -> 0.743044 | AV49: 100 ns | AW49: Heavy Chain | AX49: M69 | AY49: M368 | AZ49: A368 | BA49: -2.576 | BB49: 0.053 | BC49: -2.559 | BD49: 0.074 | BE49: =BA49-BC49 -> -0.017 | BF49: =SQRT((BB49)^2 + (BD49)^2) -> 0.091021975 | BG49: =BF49^2 -> 0.008285 | BH49: 0.52 | BI49: =(BE49-BH49)^2 -> 0.288369
V50: Uncertainty | W50: =SQRT(U47/14) -> 0.28721644 | AA50: 20 ns | AB50: Heavy Chain | AC50: M69 | AD50: M368 | AE50: A368 | AF50: -2.515 | AG50: 0.131 | AH50: -2.371 | AI50: 0.103 | AJ50: =AF50-AH50 -> -0.144 | AK50: =SQRT((AG50)^2 + (AI50)^2) -> 0.16664333 | AL50: =AK50^2 -> 0.02777 | AM50: 0.52 | AN50: =(AJ50-AM50)^2 -> 0.440896 | AV50: 100 ns | AW50: Heavy Chain | AX50: V73 | AY50: V372 | AZ50: A372 | BA50: -4.014 | BB50: 0.203 | BC50: -4.47 | BD50: 0.137 | BE50: =BA50-BC50 -> 0.456 | BF50: =SQRT((BB50)^2 + (BD50)^2) -> 0.24490406 | BG50: =BF50^2 -> 0.059978 | BH50: 1.08 | BI50: =(BE50-BH50)^2 -> 0.389376
AA51: 20 ns | AB51: Heavy Chain | AC51: V73 | AD51: V372 | AE51: A372 | AF51: -4.275 | AG51: 0.292 | AH51: -4.675 | AI51: 0.09 | AJ51: =AF51-AH51 -> 0.4 | AK51: =SQRT((AG51)^2 + (AI51)^2) -> 0.30555523 | AL51: =AK51^2 -> 0.093364 | AM51: 1.08 | AN51: =(AJ51-AM51)^2 -> 0.4624 | AV51: 100 ns | AW51: Heavy Chain | AX51: Y100 | AY51: Y402 | AZ51: A402 | BA51: -8.488 | BB51: 0.107 | BC51: -9.178 | BD51: 0.229 | BE51: =BA51-BC51 -> 0.69 | BF51: =SQRT((BB51)^2 + (BD51)^2) -> 0.25276471 | BG51: =BF51^2 -> 0.06389 | BH51: 1.42 | BI51: =(BE51-BH51)^2 -> 0.5329
J52: 5 ns - Without G Sites | AA52: 100 ns | AB52: Heavy Chain | AC52: Y100 | AD52: Y402 | AE52: A402 | AF52: -8.488 | AG52: 0.107 | AH52: -9.178 | AI52: 0.229 | AJ52: =AF52-AH52 -> 0.69 | AK52: =SQRT((AG52)^2 + (AI52)^2) -> 0.25276471 | AL52: =AK52^2 -> 0.06389 | AM52: 1.42 | AN52: =(AJ52-AM52)^2 -> 0.5329 | AV52: 100 ns | AW52: Heavy Chain | AX52: Y74 | AY52: Y373 | AZ52: A373 | BA52: -8.32 | BB52: 0.0813941 | BC52: -8.639 | BD52: 0.02441311 | BE52: =BA52-BC52 -> 0.319 | BF52: =SQRT((BB52)^2 + (BD52)^2) -> 0.084976464 | BG52: =BF52^2 -> 0.0072209995 | BH52: -0.21 | BI52: =(BE52-BH52)^2 -> 0.279841
J53: Time | K53: Chain | L53: Residue Number | M53: Mutation | N53: Alanine | O53: DG-Complex | P53: Uncertainty-Complex | Q53: DG-Antibody | R53: Uncertainty-Antibody | S53: DDG | T53: Uncertainty | U53: Uncertainty^2 | V53: Database | W53: Squared Error | AA53: 20 ns | AB53: Heavy Chain | AC53: Y74 | AD53: Y373 | AE53: A373 | AF53: -8.137 | AG53: 0.107 | AH53: -8.55 | AI53: 0.09192388 | AJ53: =AF53-AH53 -> 0.413 | AK53: =SQRT((AG53)^2 + (AI53)^2) -> 0.14106381 | AL53: =AK53^2 -> 0.019899 | AM53: -0.21 | AN53: =(AJ53-AM53)^2 -> 0.388129 | AV53: 100 ns | AW53: Heavy Chain | AX53: N100A | AY53: N403 | AZ53: A403 | BA53: 71.228 | BB53: 0.373 | BC53: 69.39 | BD53: 0.107 | BE53: =BA53-BC53 -> 1.838 | BF53: =SQRT((BB53)^2 + (BD53)^2) -> 0.38804381 | BG53: =BF53^2 -> 0.150578 | BH53: 1.11 | BI53: =(BE53-BH53)^2 -> 0.529984
J54: 5 ns | K54: Heavy Chain | L54: I30 | M54: I328 | N54: A328 | O54: -13.536 | P54: 0.457 | Q54: -13.862 | R54: 0.163 | S54: =O54-Q54 -> 0.326 | T54: =SQRT((P54)^2 + (R54)^2) -> 0.48519893 | U54: =T54^2 -> 0.235418 | V54: -0.01 | W54: =(S54-V54)^2 -> 0.112896 | AA54: 20 ns | AB54: Heavy Chain | AC54: N100A | AD54: N403 | AE54: A403 | AF54: 71.344 | AG54: 0.199 | AH54: 69.975 | AI54: 0.268 | AJ54: =AF54-AH54 -> 1.369 | AK54: =SQRT((AG54)^2 + (AI54)^2) -> 0.33380383 | AL54: =AK54^2 -> 0.111425 | AM54: 1.11 | AN54: =(AJ54-AM54)^2 -> 0.067081 | AV54: 100 ns | AW54: Heavy Chain | AX54: W100B | AY54: W404 | AZ54: A404 | BA54: -35.639 | BB54: 0.385 | BC54: -40.425 | BD54: 0.127 | BE54: =BA54-BC54 -> 4.786 | BF54: =SQRT((BB54)^2 + (BD54)^2) -> 0.40540597 | BG54: =BF54^2 -> 0.164354 | BH54: 4.45 | BI54: =(BE54-BH54)^2 -> 0.112896
J55: 5 ns | K55: Heavy Chain | L55: T33 | M55: T331 | N55: A331 | O55: 11.72 | P55: 0.115 | Q55: 11.284 | R55: 0.14 | S55: =O55-Q55 -> 0.436 | T55: =SQRT((P55)^2 + (R55)^2) -> 0.18117671 | U55: =T55^2 -> 0.032825 | V55: 0.7 | W55: =(S55-V55)^2 -> 0.069696 | AA55: 100 ns | AB55: Heavy Chain | AC55: W100B | AD55: W404 | AE55: A404 | AF55: -35.639 | AG55: 0.385 | AH55: -40.425 | AI55: 0.127 | AJ55: =AF55-AH55 -> 4.786 | AK55: =SQRT((AG55)^2 + (AI55)^2) -> 0.40540597 | AL55: =AK55^2 -> 0.164354 | AM55: 4.45 | AN55: =(AJ55-AM55)^2 -> 0.112896 | AV55: 100 ns | AW55: Light Chain | AX55: Q27 | AY55: Q549 | AZ55: A549 | BA55: 46.501 | BB55: 0.09 | BC55: 46.497 | BD55: 0.082 | BE55: =BA55-BC55 -> 0.004 | BF55: =SQRT((BB55)^2 + (BD55)^2) -> 0.12175385 | BG55: =BF55^2 -> 0.014824 | BH55: -0.24 | BI55: =(BE55-BH55)^2 -> 0.059536
J56: 5 ns | K56: Heavy Chain | L56: G54 | M56: G353 | N56: A353 | O56: 11.25 | P56: 0.308 | Q56: 11.538 | R56: 0.104 | S56: =O56-Q56 -> -0.288 | T56: =SQRT((P56)^2 + (R56)^2) -> 0.3250846 | U56: =T56^2 -> 0.10568 | V56: -1.28 | W56: =(S56-V56)^2 -> 0.984064 | AA56: 20 ns | AB56: Light Chain | AC56: Q27 | AD56: Q549 | AE56: A549 | AF56: 46.597 | AG56: 0.138 | AH56: 46.381 | AI56: 0.076 | AJ56: =AF56-AH56 -> 0.216 | AK56: =SQRT((AG56)^2 + (AI56)^2) -> 0.15754364 | AL56: =AK56^2 -> 0.02482 | AM56: -0.24 | AN56: =(AJ56-AM56)^2 -> 0.207936 | AV56: 100 ns | AW56: Light Chain | AX56: Y28 | AY56: Y550 | AZ56: A550 | BA56: -8.877 | BB56: 0.029 | BC56: -8.448 | BD56: 0.115 | BE56: =BA56-BC56 -> -0.429 | BF56: =SQRT((BB56)^2 + (BD56)^2) -> 0.11860017 | BG56: =BF56^2 -> 0.014066 | BH56: 0.97 | BI56: =(BE56-BH56)^2 -> 1.957201
J57: 5 ns | K57: Heavy Chain | L57: G55 | M57: G354 | N57: A354 | O57: 14.666 | P57: 0.143 | Q57: 13.262 | R57: 0.112 | S57: =O57-Q57 -> 1.404 | T57: =SQRT((P57)^2 + (R57)^2) -> 0.18163975 | U57: =T57^2 -> 0.032993 | V57: 1.26 | W57: =(S57-V57)^2 -> 0.020736 | AA57: 100 ns | AB57: Light Chain | AC57: Y28 | AD57: Y550 | AE57: A550 | AF57: -8.877 | AG57: 0.029 | AH57: -8.448 | AI57: 0.115 | AJ57: =AF57-AH57 -> -0.429 | AK57: =SQRT((AG57)^2 + (AI57)^2) -> 0.11860017 | AL57: =AK57^2 -> 0.014066 | AM57: 0.97 | AN57: =(AJ57-AM57)^2 -> 1.957201 | AV57: 100 ns | AW57: Light Chain | AX57: S30 | AY57: S552 | AZ57: A552 | BA57: -8.381 | BB57: 0.062 | BC57: -8.229 | BD57: 0.073 | BE57: =BA57-BC57 -> -0.152 | BF57: =SQRT((BB57)^2 + (BD57)^2) -> 0.09577578 | BG57: =BF57^2 -> 0.009173 | BH57: -0.15 | BI57: =(BE57-BH57)^2 -> 4e-06
J58: 5 ns | K58: Heavy Chain | L58: V57 | M58: V356 | N58: A356 | O58: -5.458 | P58: 0.167 | Q58: -5.831 | R58: 0.041 | S58: =O58-Q58 -> 0.373 | T58: =SQRT((P58)^2 + (R58)^2) -> 0.1719593 | U58: =T58^2 -> 0.02957 | V58: 1.35 | W58: =(S58-V58)^2 -> 0.954529 | AA58: 100 ns | AB58: Light Chain | AC58: S30 | AD58: S552 | AE58: A552 | AF58: -8.381 | AG58: 0.062 | AH58: -8.229 | AI58: 0.073 | AJ58: =AF58-AH58 -> -0.152 | AK58: =SQRT((AG58)^2 + (AI58)^2) -> 0.09577578 | AL58: =AK58^2 -> 0.009173 | AM58: -0.15 | AN58: =(AJ58-AM58)^2 -> 4e-06 | AV58: 100 ns | AW58: Light Chain | AX58: Y91 | AY58: Y611 | AZ58: A611 | BA58: -5.702 | BB58: 0.241 | BC58: -7.963 | BD58: 0.096 | BE58: =BA58-BC58 -> 2.261 | BF58: =SQRT((BB58)^2 + (BD58)^2) -> 0.25941665 | BG58: =BF58^2 -> 0.067297 | BH58: 2.01 | BI58: =(BE58-BH58)^2 -> 0.063001
J59: 5 ns | K59: Heavy Chain | L59: N58 | M59: N357 | N59: A357 | O59: 70.745 | P59: 0.434 | Q59: 70.07 | R59: 0.04 | S59: =O59-Q59 -> 0.675 | T59: =SQRT((P59)^2 + (R59)^2) -> 0.43583942 | U59: =T59^2 -> 0.189956 | V59: 1.76 | W59: =(S59-V59)^2 -> 1.177225 | AA59: 100 ns | AB59: Light Chain | AC59: Y91 | AD59: Y611 | AE59: A611 | AF59: -5.702 | AG59: 0.241 | AH59: -7.963 | AI59: 0.096 | AJ59: =AF59-AH59 -> 2.261 | AK59: =SQRT((AG59)^2 + (AI59)^2) -> 0.25941665 | AL59: =AK59^2 -> 0.067297 | AM59: 2.01 | AN59: =(AJ59-AM59)^2 -> 0.063001 | AV59: 100 ns | AW59: Light Chain | AX59: F97 | AY59: F613 | AZ59: A613 | BA59: -23.943 | BB59: 0.187 | BC59: -24.111 | BD59: 0.116 | BE59: =BA59-BC59 -> 0.168 | BF59: =SQRT((BB59)^2 + (BD59)^2) -> 0.22005681 | BG59: =BF59^2 -> 0.048425 | BH59: 0.85 | BI59: =(BE59-BH59)^2 -> 0.465124
J60: 5 ns | K60: Heavy Chain | L60: Q64 | M60: Q363 | N60: A363 | O60: 46.478 | P60: 0.284 | Q60: 46.074 | R60: 0.06 | S60: =O60-Q60 -> 0.404 | T60: =SQRT((P60)^2 + (R60)^2) -> 0.29026884 | U60: =T60^2 -> 0.084256 | V60: -0.35 | W60: =(S60-V60)^2 -> 0.568516 | AA60: 20 ns | AB60: Light Chain | AC60: F97 | AD60: F613 | AE60: A613 | AF60: -23.72 | AG60: 0.117 | AH60: -23.589 | AI60: 0.141 | AJ60: =AF60-AH60 -> -0.131 | AK60: =SQRT((AG60)^2 + (AI60)^2) -> 0.18322118 | AL60: =AK60^2 -> 0.03357 | AM60: 0.85 | AN60: =(AJ60-AM60)^2 -> 0.962361 | AV60: 100 ns | AW60: Light Chain | AX60: V3 | AY60: V525 | AZ60: A525 | BA60: -10.511 | BB60: 0.139 | BC60: -10.164 | BD60: 0.04 | BE60: =BA60-BC60 -> -0.347 | BF60: =SQRT((BB60)^2 + (BD60)^2) -> 0.14464093 | BG60: =BF60^2 -> 0.020921 | BH60: -0.78 | BI60: =(BE60-BH60)^2 -> 0.187489
J61: 5 ns | K61: Heavy Chain | L61: M69 | M61: M368 | N61: A368 | O61: -2.585 | P61: 0.118 | Q61: -2.673 | R61: 0.21 | S61: =O61-Q61 -> 0.088 | T61: =SQRT((P61)^2 + (R61)^2) -> 0.24088171 | U61: =T61^2 -> 0.058024 | V61: 0.52 | W61: =(S61-V61)^2 -> 0.186624 | AA61: 20 ns | AB61: Light Chain | AC61: V3 | AD61: V525 | AE61: A525 | AF61: -11.115 | AG61: 0.283 | AH61: -10.105 | AI61: 0.123 | AJ61: =AF61-AH61 -> -1.01 | AK61: =SQRT((AG61)^2 + (AI61)^2) -> 0.30857414 | AL61: =AK61^2 -> 0.095218 | AM61: -0.78 | AN61: =(AJ61-AM61)^2 -> 0.0529 | BG61: SUM | BI61: SUM
J62: 5 ns | K62: Heavy Chain | L62: V73 | M62: V372 | N62: A372 | O62: -4.817 | P62: 0.202 | Q62: -5.074 | R62: 0.074 | S62: =O62-Q62 -> 0.257 | T62: =SQRT((P62)^2 + (R62)^2) -> 0.21512787 | U62: =T62^2 -> 0.04628 | V62: 1.08 | W62: =(S62-V62)^2 -> 0.677329 | AL62: SUM | AN62: SUM | BG62: =SUM(BG39:BG60) -> 1.391957 | BI62: =SUM(BI39:BI60) -> 25.813571
J63: 5 ns | K63: Heavy Chain | L63: Y74 | M63: Y373 | N63: A373 | O63: -8.272 | P63: 0.206 | Q63: -8.335 | R63: 0.154 | S63: =O63-Q63 -> 0.063 | T63: =SQRT((P63)^2 + (R63)^2) -> 0.25720031 | U63: =T63^2 -> 0.066152 | V63: -0.21 | W63: =(S63-V63)^2 -> 0.074529 | AL63: =SUM(AL40:AL61) -> 1.739647 | AN63: =SUM(AN40:AN61) -> 27.720603
J64: 5 ns | K64: Light Chain | L64: Q27 | M64: Q549 | N64: A549 | O64: 46.745 | P64: 0.205 | Q64: 46.756 | R64: 0.157 | S64: =O64-Q64 -> -0.011 | T64: =SQRT((P64)^2 + (R64)^2) -> 0.25821309 | U64: =T64^2 -> 0.066674 | V64: -0.24 | W64: =(S64-V64)^2 -> 0.052441 | BH64: RMSE | BI64: =SQRT(BI62/22) -> 1.0832101
J65: 5 ns | K65: Light Chain | L65: V3 | M65: V525 | N65: A525 | O65: -11.339 | P65: 0.282 | Q65: -10.26 | R65: 0.121 | S65: =O65-Q65 -> -1.079 | T65: =SQRT((P65)^2 + (R65)^2) -> 0.30686316 | U65: =T65^2 -> 0.094165 | V65: -0.78 | W65: =(S65-V65)^2 -> 0.089401 | AM65: RMSE | AN65: =SQRT(AN63/22) -> 1.1225094 | BH65: Uncertainty | BI65: =SQRT(BG62/22) -> 0.25153682
U66: SUM | W66: SUM | AM66: Uncertainty | AN66: =SQRT(AL63/22) -> 0.28120253
U67: =SUM(U54:U65) -> 1.041993 | W67: =SUM(W54:W65) -> 4.967986
AA68: 20 ns -Without G Sites | AV68: 100 ns - Without G Sites
V69: RMSE | W69: =SQRT(W67/12) -> 0.64342741 | AA69: Time | AB69: Chain | AC69: Residue Number | AD69: Mutation | AE69: Alanine | AF69: DG-Complex | AG69: Uncertainty-Complex | AH69: DG-Antibody | AI69: Uncertainty-Antibody | AJ69: DDG | AK69: Uncertainty | AL69: Uncertainty^2 | AM69: Database | AN69: Squared Error | AV69: Time | AW69: Chain | AX69: Residue Number | AY69: Mutation | AZ69: Alanine | BA69: DG-Complex | BB69: Uncertainty-Complex | BC69: DG-Antibody | BD69: Uncertainty-Antibody | BE69: DDG | BF69: Uncertainty | BG69: Uncertainty^2 | BH69: Database | BI69: Squared Error
V70: Uncertainty | W70: =SQRT(U67/12) -> 0.29467397 | AA70: 20 ns | AB70: Heavy Chain | AC70: I30 | AD70: I328 | AE70: A328 | AF70: -12.409 | AG70: 0.209 | AH70: -13.033 | AI70: 0.202 | AJ70: =AF70-AH70 -> 0.624 | AK70: =SQRT((AG70)^2 + (AI70)^2) -> 0.29066304 | AL70: =AK70^2 -> 0.084485 | AM70: -0.01 | AN70: =(AJ70-AM70)^2 -> 0.401956 | AV70: 100 ns | AW70: Heavy Chain | AX70: I30 | AY70: I328 | AZ70: A328 | BA70: -12.769 | BB70: 0.187 | BC70: -13.163 | BD70: 0.079 | BE70: =BA70-BC70 -> 0.394 | BF70: =SQRT((BB70)^2 + (BD70)^2) -> 0.20300246 | BG70: =BF70^2 -> 0.04121 | BH70: -0.01 | BI70: =(BE70-BH70)^2 -> 0.163216
AA71: 20 ns | AB71: Heavy Chain | AC71: T33 | AD71: T331 | AE71: A331 | AF71: 11.23 | AG71: 0.182 | AH71: 11.393 | AI71: 0.092 | AJ71: =AF71-AH71 -> -0.163 | AK71: =SQRT((AG71)^2 + (AI71)^2) -> 0.20393136 | AL71: =AK71^2 -> 0.041588 | AM71: 0.7 | AN71: =(AJ71-AM71)^2 -> 0.744769 | AV71: 100 ns | AW71: Heavy Chain | AX71: T33 | AY71: T331 | AZ71: A331 | BA71: 11.429 | BB71: 0.177 | BC71: 10.743 | BD71: 0.136 | BE71: =BA71-BC71 -> 0.686 | BF71: =SQRT((BB71)^2 + (BD71)^2) -> 0.22321514 | BG71: =BF71^2 -> 0.049825 | BH71: 0.7 | BI71: =(BE71-BH71)^2 -> 0.000196
AA72: 20 ns | AB72: Heavy Chain | AC72: W47 | AD72: W345 | AE72: A345 | AF72: -33.622 | AG72: 0.414 | AH72: -37.578 | AI72: 0.168 | AJ72: =AF72-AH72 -> 3.956 | AK72: =SQRT((AG72)^2 + (AI72)^2) -> 0.44678854 | AL72: =AK72^2 -> 0.19962 | AM72: 1.19 | AN72: =(AJ72-AM72)^2 -> 7.650756 | AV72: 100 ns | AW72: Heavy Chain | AX72: W47 | AY72: W345 | AZ72: A345 | BA72: -33.622 | BB72: 0.414 | BC72: -37.578 | BD72: 0.168 | BE72: =BA72-BC72 -> 3.956 | BF72: =SQRT((BB72)^2 + (BD72)^2) -> 0.44678854 | BG72: =BF72^2 -> 0.19962 | BH72: 1.19 | BI72: =(BE72-BH72)^2 -> 7.650756
AA73: 100 ns | AB73: Heavy Chain | AC73: W50 | AD73: W348 | AE73: A348 | AF73: -40.415 | AG73: 0.307 | AH73: -41.499 | AI73: 0.234 | AJ73: =AF73-AH73 -> 1.084 | AK73: =SQRT((AG73)^2 + (AI73)^2) -> 0.38601166 | AL73: =AK73^2 -> 0.149005 | AM73: 1.28 | AN73: =(AJ73-AM73)^2 -> 0.038416 | AV73: 100 ns | AW73: Heavy Chain | AX73: W50 | AY73: W348 | AZ73: A348 | BA73: -40.415 | BB73: 0.307 | BC73: -41.499 | BD73: 0.234 | BE73: =BA73-BC73 -> 1.084 | BF73: =SQRT((BB73)^2 + (BD73)^2) -> 0.38601166 | BG73: =BF73^2 -> 0.149005 | BH73: 1.28 | BI73: =(BE73-BH73)^2 -> 0.038416
AA74: 20 ns | AB74: Heavy Chain | AC74: G54 | AD74: G353 | AE74: A353 | AF74: 12.587 | AG74: 0.145 | AH74: 11.454 | AI74: 0.09 | AJ74: =AF74-AH74 -> 1.133 | AK74: =SQRT((AG74)^2 + (AI74)^2) -> 0.17066048 | AL74: =AK74^2 -> 0.029125 | AM74: -1.28 | AN74: =(AJ74-AM74)^2 -> 5.822569 | AV74: 100 ns | AW74: Heavy Chain | AX74: G54 | AY74: G353 | AZ74: A353 | BA74: 12.144 | BB74: 0.205 | BC74: 11.46 | BD74: 0.08 | BE74: =BA74-BC74 -> 0.684 | BF74: =SQRT((BB74)^2 + (BD74)^2) -> 0.22005681 | BG74: =BF74^2 -> 0.048425 | BH74: -1.28 | BI74: =(BE74-BH74)^2 -> 3.857296
AA75: 20 ns | AB75: Heavy Chain | AC75: G55 | AD75: G354 | AE75: A354 | AF75: 15.213 | AG75: 0.249 | AH75: 13.408 | AI75: 0.07 | AJ75: =AF75-AH75 -> 1.805 | AK75: =SQRT((AG75)^2 + (AI75)^2) -> 0.25865228 | AL75: =AK75^2 -> 0.066901 | AM75: 1.26 | AN75: =(AJ75-AM75)^2 -> 0.297025 | AV75: 100 ns | AW75: Heavy Chain | AX75: G55 | AY75: G354 | AZ75: A354 | BA75: 14.171 | BB75: 0.232 | BC75: 13.475 | BD75: 0.1 | BE75: =BA75-BC75 -> 0.696 | BF75: =SQRT((BB75)^2 + (BD75)^2) -> 0.25263412 | BG75: =BF75^2 -> 0.063824 | BH75: 1.26 | BI75: =(BE75-BH75)^2 -> 0.318096
AA76: 20 ns | AB76: Heavy Chain | AC76: V57 | AD76: V356 | AE76: A356 | AF76: -5.405 | AG76: 0.225 | AH76: -6.15 | AI76: 0.091 | AJ76: =AF76-AH76 -> 0.745 | AK76: =SQRT((AG76)^2 + (AI76)^2) -> 0.24270558 | AL76: =AK76^2 -> 0.058906 | AM76: 1.35 | AN76: =(AJ76-AM76)^2 -> 0.366025 | AV76: 100 ns | AW76: Heavy Chain | AX76: V57 | AY76: V356 | AZ76: A356 | BA76: -5.207 | BB76: 0.113 | BC76: -6.311 | BD76: 0.048 | BE76: =BA76-BC76 -> 1.104 | BF76: =SQRT((BB76)^2 + (BD76)^2) -> 0.12277215 | BG76: =BF76^2 -> 0.015073 | BH76: 1.35 | BI76: =(BE76-BH76)^2 -> 0.060516
AA77: 20 ns | AB77: Heavy Chain | AC77: N58 | AD77: N357 | AE77: A357 | AF77: 69.421 | AG77: 0.413 | AH77: 70.144 | AI77: 0.026 | AJ77: =AF77-AH77 -> -0.723 | AK77: =SQRT((AG77)^2 + (AI77)^2) -> 0.41381759 | AL77: =AK77^2 -> 0.171245 | AM77: 1.76 | AN77: =(AJ77-AM77)^2 -> 6.165289 | AV77: 100 ns | AW77: Heavy Chain | AX77: N58 | AY77: N357 | AZ77: A357 | BA77: 69.168 | BB77: 0.277 | BC77: 70.207 | BD77: 0.029 | BE77: =BA77-BC77 -> -1.039 | BF77: =SQRT((BB77)^2 + (BD77)^2) -> 0.27851391 | BG77: =BF77^2 -> 0.07757 | BH77: 1.76 | BI77: =(BE77-BH77)^2 -> 7.834401
AA78: 20 ns | AB78: Heavy Chain | AC78: Y59 | AD78: Y358 | AE78: A358 | AF78: -6.807 | AG78: 0.339 | AH78: -6.854 | AI78: 0.277 | AJ78: =AF78-AH78 -> 0.047 | AK78: =SQRT((AG78)^2 + (AI78)^2) -> 0.43777848 | AL78: =AK78^2 -> 0.19165 | AM78: 0.54 | AN78: =(AJ78-AM78)^2 -> 0.243049 | AV78: 100 ns | AW78: Heavy Chain | AX78: Y59 | AY78: Y358 | AZ78: A358 | BA78: -5.674 | BB78: 0.216 | BC78: -7.025 | BD78: 0.203 | BE78: =BA78-BC78 -> 1.351 | BF78: =SQRT((BB78)^2 + (BD78)^2) -> 0.29642031 | BG78: =BF78^2 -> 0.087865 | BH78: 0.54 | BI78: =(BE78-BH78)^2 -> 0.657721
AA79: 20 ns | AB79: Heavy Chain | AC79: Q64 | AD79: Q363 | AE79: A363 | AF79: 46.38 | AG79: 0.126 | AH79: 45.868 | AI79: 0.08 | AJ79: =AF79-AH79 -> 0.512 | AK79: =SQRT((AG79)^2 + (AI79)^2) -> 0.14925147 | AL79: =AK79^2 -> 0.022276 | AM79: -0.35 | AN79: =(AJ79-AM79)^2 -> 0.743044 | AV79: 100 ns | AW79: Heavy Chain | AX79: Q64 | AY79: Q363 | AZ79: A363 | BA79: 46.331 | BB79: 0.168 | BC79: 46.075 | BD79: 0.048 | BE79: =BA79-BC79 -> 0.256 | BF79: =SQRT((BB79)^2 + (BD79)^2) -> 0.17472264 | BG79: =BF79^2 -> 0.030528 | BH79: -0.35 | BI79: =(BE79-BH79)^2 -> 0.367236
AA80: 20 ns | AB80: Heavy Chain | AC80: M69 | AD80: M368 | AE80: A368 | AF80: -2.515 | AG80: 0.131 | AH80: -2.371 | AI80: 0.103 | AJ80: =AF80-AH80 -> -0.144 | AK80: =SQRT((AG80)^2 + (AI80)^2) -> 0.16664333 | AL80: =AK80^2 -> 0.02777 | AM80: 0.52 | AN80: =(AJ80-AM80)^2 -> 0.440896 | AV80: 100 ns | AW80: Heavy Chain | AX80: M69 | AY80: M368 | AZ80: A368 | BA80: -2.576 | BB80: 0.053 | BC80: -2.559 | BD80: 0.074 | BE80: =BA80-BC80 -> -0.017 | BF80: =SQRT((BB80)^2 + (BD80)^2) -> 0.091021975 | BG80: =BF80^2 -> 0.008285 | BH80: 0.52 | BI80: =(BE80-BH80)^2 -> 0.288369
AA81: 20 ns | AB81: Heavy Chain | AC81: V73 | AD81: V372 | AE81: A372 | AF81: -4.275 | AG81: 0.292 | AH81: -4.675 | AI81: 0.09 | AJ81: =AF81-AH81 -> 0.4 | AK81: =SQRT((AG81)^2 + (AI81)^2) -> 0.30555523 | AL81: =AK81^2 -> 0.093364 | AM81: 1.08 | AN81: =(AJ81-AM81)^2 -> 0.4624 | AV81: 100 ns | AW81: Heavy Chain | AX81: V73 | AY81: V372 | AZ81: A372 | BA81: -4.014 | BB81: 0.203 | BC81: -4.47 | BD81: 0.137 | BE81: =BA81-BC81 -> 0.456 | BF81: =SQRT((BB81)^2 + (BD81)^2) -> 0.24490406 | BG81: =BF81^2 -> 0.059978 | BH81: 1.08 | BI81: =(BE81-BH81)^2 -> 0.389376
AA82: 20 ns | AB82: Heavy Chain | AC82: Y74 | AD82: Y373 | AE82: A373 | AF82: -8.137 | AG82: 0.107 | AH82: -8.55 | AI82: 0.09192388 | AJ82: =AF82-AH82 -> 0.413 | AK82: =SQRT((AG82)^2 + (AI82)^2) -> 0.14106381 | AL82: =AK82^2 -> 0.019899 | AM82: -0.21 | AN82: =(AJ82-AM82)^2 -> 0.388129 | AV82: 100 ns | AW82: Heavy Chain | AX82: Y74 | AY82: Y373 | AZ82: A373 | BA82: -8.32 | BB82: 0.0813941 | BC82: -8.639 | BD82: 0.02441311 | BE82: =BA82-BC82 -> 0.319 | BF82: =SQRT((BB82)^2 + (BD82)^2) -> 0.084976464 | BG82: =BF82^2 -> 0.0072209995 | BH82: -0.21 | BI82: =(BE82-BH82)^2 -> 0.279841
... AA87: 20 ns | AB87: Light Chain | AC87: V3 | AD87: V525 | AE87: A525 | AF87: -11.115 | AG87: 0.283 | AH87: -10.105 | AI87: 0.123 | AJ87: =AF87-AH87 -> -1.01 | AK87: =SQRT((AG87)^2 + (AI87)^2) -> 0.30857414 | AL87: =AK87^2 -> 0.095218 | AM87: -0.78 | AN87: =(AJ87-AM87)^2 -> 0.0529 | AV87: 100 ns | AW87: Light Chain | AX87: V3 | AY87: V525 | AZ87: A525 | BA87: -10.511 | BB87: 0.139 | BC87: -10.164 | BD87: 0.04 | BE87: =BA87-BC87 -> -0.347 | BF87: =SQRT((BB87)^2 + (BD87)^2) -> 0.14464093 | BG87: =BF87^2 -> 0.020921 | BH87: -0.78 | BI87: =(BE87-BH87)^2 -> 0.187489
AL88: SUM | AN88: SUM | BG88: SUM | BI88: SUM
AL89: =SUM(AL70:AL87) -> 1.585221 | AN89: =SUM(AN70:AN87) -> 25.167497 | BG89: =SUM(BG70:BG87) -> 1.237531 | BI89: =SUM(BI70:BI87) -> 23.260465
AM91: RMSE | AN91: =SQRT(AN89/18) -> 1.1824527 | BH91: RMSE | BI91: =SQRT(BI89/18) -> 1.1367709
AM92: Uncertainty | AN92: =SQRT(AL89/18) -> 0.29676225 | BH92: Uncertainty | BI92: =SQRT(BG89/18) -> 0.2622055

Sheet Truncated VRC03
A1: VRC03 Light Chain | B1: VRC03 Homology Model Light Chain | C1: ∆∆G (Kcal/mol) | E1: VRC03 Heavy Chain | F1: VRC03 Homology Model Heavy Chain | G1: ∆∆G (Kcal/mol) | J1: 5 ns - Heavy Chain | AA1: 20 ns - Heavy Chain | AV1: 100 ns - Heavy Chain
A2: Q27 | B2: 558 | C2: -0.22 | E2: W47 | F2: W345 | G2: 1.48 | J2: Time | K2: Chain | L2: Residue Number | M2: Mutation | N2: Alanine | O2: DG-Complex | P2: Uncertainty-Complex | Q2: DG-Antibody | R2: Uncertainty-Antibody | S2: DDG | T2: Uncertainty | U2: Uncertainty^2 | V2: Database | W2: Squared Error | X2: Convergence Status | AA2: Time | AB2: Chain | AC2: Residue Number | AD2: Mutation | AE2: Alanine | AF2: DG-Complex | AG2: Uncertainty-Complex | AH2: DG-Antibody | AI2: Uncertainty-Antibody | AJ2: DDG | AK2: Uncertainty | AL2: Uncertainty^2 | AM2: Database | AN2: Squared Error | AO2: Convergence Status | AV2: Time | AW2: Chain | AX2: Residue Number | AY2: Mutation | AZ2: Alanine | BA2: DG-Complex | BB2: Uncertainty-Complex | BC2: DG-Antibody | BD2: Uncertainty-Antibody | BE2: DDG | BF2: Uncertainty | BG2: Uncertainty^2 | BH2: Database | BI2: Squared Error | BJ2: Convergence Status
A3: N30 | B3: 561 | C3: 0.2 | E3: W50 | F3: W348 | G3: 1.33 | J3: 5 ns | K3: Heavy Chain | L3: L54 | M3: L352 | N3: A352 | O3: 4.809 | P3: 0.269 | Q3: 6.426 | R3: 0.042 | S3: =O3-Q3 -> -1.617 | T3: =SQRT((P3)^2 + (R3)^2) -> 0.27225907 | U3: =T3^2 -> 0.074125 | V3: 0.05 | W3: =(S3-V3)^2 -> 2.778889 | X3: Converged | AA3: 100 ns | AB3: Heavy Chain | AC3: W47 | AD3: W345 | AE3: A345 | AF3: -32.768 | AG3: 0.253 | AH3: -37.601 | AI3: 0.17 | AJ3: =AF3-AH3 -> 4.833 | AK3: =SQRT((AG3)^2 + (AI3)^2) -> 0.30480978 | AL3: =AK3^2 -> 0.092909 | AM3: 1.48 | AN3: =(AJ3-AM3)^2 -> 11.242609 | AO3: Complex converged after 2nd 100 ns. Antibody converged after 1st 100 ns. | AV3: 100 ns | AW3: Heavy Chain | AX3: W47 | AY3: W345 | AZ3: A345 | BA3: -32.768 | BB3: 0.253 | BC3: -37.601 | BD3: 0.17 | BE3: =BA3-BC3 -> 4.833 | BF3: =SQRT((BB3)^2 + (BD3)^2) -> 0.30480978 | BG3: =BF3^2 -> 0.092909 | BH3: 1.48 | BI3: =(BE3-BH3)^2 -> 11.242609 | BJ3: Complex converged after 2nd 100 ns. Antibody converged after 1st 100 ns.
A4: F90 | B4: 621 | C4: -0.87 | E4: L54 | F4: L352 | G4: 0.05 | J4: 5 ns | K4: Heavy Chain | L4: G56 | M4: G354 | N4: A354 | O4: 14.904 | P4: 0.217 | Q4: 12.847 | R4: 0.212 | S4: =O4-Q4 -> 2.057 | T4: =SQRT((P4)^2 + (R4)^2) -> 0.30336941 | U4: =T4^2 -> 0.092033 | V4: 0.35 | W4: =(S4-V4)^2 -> 2.913849 | X4: Converged | AA4: 100 ns | AB4: Heavy Chain | AC4: W50 | AD4: W348 | AE4: A348 | AF4: -40.854 | AG4: 0.308 | AH4: -42.294 | AI4: 0.098 | AJ4: =AF4-AH4 -> 1.44 | AK4: =SQRT((AG4)^2 + (AI4)^2) -> 0.3232151 | AL4: =AK4^2 -> 0.104468 | AM4: 1.33 | AN4: =(AJ4-AM4)^2 -> 0.0121 | AO4: Complex converged after 2nd 100 ns. Antibody converged after 1st 100 ns. | AV4: 100 ns | AW4: Heavy Chain | AX4: W50 | AY4: W348 | AZ4: A348 | BA4: -40.854 | BB4: 0.308 | BC4: -42.294 | BD4: 0.098 | BE4: =BA4-BC4 -> 1.44 | BF4: =SQRT((BB4)^2 + (BD4)^2) -> 0.3232151 | BG4: =BF4^2 -> 0.104468 | BH4: 1.33 | BI4: =(BE4-BH4)^2 -> 0.0121 | BJ4: Complex converged after 2nd 100 ns. Antibody converged after 1st 100 ns.
A5: F92 | B5: 623 | C5: 0.83 | E5: W55 | F5: W353 | G5: 0.76 | J5: 5 ns | K5: Heavy Chain | L5: V58 | M5: V356 | N5: A356 | O5: -5.401 | P5: 0.265 | Q5: -5.794 | R5: 0.081 | S5: =O5-Q5 -> 0.393 | T5: =SQRT((P5)^2 + (R5)^2) -> 0.27710287 | U5: =T5^2 -> 0.076786 | V5: 1.25 | W5: =(S5-V5)^2 -> 0.734449 | X5: Converged | AA5: 20 ns | AB5: Heavy Chain | AC5: L54 | AD5: L352 | AE5: A352 | AF5: 5.507 | AG5: 0.385 | AH5: 6.383 | AI5: 0.164 | AJ5: =AF5-AH5 -> -0.876 | AK5: =SQRT((AG5)^2 + (AI5)^2) -> 0.41847461 | AL5: =AK5^2 -> 0.175121 | AM5: 0.05 | AN5: =(AJ5-AM5)^2 -> 0.857476 | AO5: Both Sides Convered after 1st 20 ns | AV5: 100 ns | AW5: Heavy Chain | AX5: L54 | AY5: L352 | AZ5: A352 | BA5: 5.885 | BB5: 0.308 | BC5: 6.095 | BD5: 0.059 | BE5: =BA5-BC5 -> -0.21 | BF5: =SQRT((BB5)^2 + (BD5)^2) -> 0.31360006 | BG5: =BF5^2 -> 0.098345 | BH5: 0.05 | BI5: =(BE5-BH5)^2 -> 0.0676 | BJ5: Complex and antibody converged after 1st 100 ns
E6: G56 | F6: G354 | G6: 0.35 | J6: 5 ns | K6: Heavy Chain | L6: S59 | M6: S357 | N6: A357 | O6: -5.068 | P6: 0.162 | Q6: -6.867 | R6: 0.034 | S6: =O6-Q6 -> 1.799 | T6: =SQRT((P6)^2 + (R6)^2) -> 0.16552945 | U6: =T6^2 -> 0.0274 | V6: 1.15 | W6: =(S6-V6)^2 -> 0.421201 | X6: Converged | AA6: 100 ns | AB6: Heavy Chain | AC6: W55 | AD6: W353 | AE6: A353 | AF6: -39.873 | AG6: 0.339 | AH6: -42.363 | AI6: 0.047 | AJ6: =AF6-AH6 -> 2.49 | AK6: =SQRT((AG6)^2 + (AI6)^2) -> 0.3422426 | AL6: =AK6^2 -> 0.11713 | AM6: 0.76 | AN6: =(AJ6-AM6)^2 -> 2.9929 | AO6: Complex and antibody converged after 1st 100 ns | AV6: 100 ns | AW6: Heavy Chain | AX6: W55 | AY6: W353 | AZ6: A353 | BA6: -39.873 | BB6: 0.339 | BC6: -42.363 | BD6: 0.047 | BE6: =BA6-BC6 -> 2.49 | BF6: =SQRT((BB6)^2 + (BD6)^2) -> 0.3422426 | BG6: =BF6^2 -> 0.11713 | BH6: 0.76 | BI6: =(BE6-BH6)^2 -> 2.9929 | BJ6: Complex and antibody converged after 1st 100 ns
E7: V58 | F7: V356 | G7: 1.25 | J7: 5 ns | K7: Heavy Chain | L7: Y60 | M7: Y358 | N7: A358 | O7: -4.972 | P7: 0.233 | Q7: -5.353 | R7: 0.226 | S7: =O7-Q7 -> 0.381 | T7: =SQRT((P7)^2 + (R7)^2) -> 0.32459975 | U7: =T7^2 -> 0.105365 | V7: 0.86 | W7: =(S7-V7)^2 -> 0.229441 | X7: Converged | AA7: 20 ns | AB7: Heavy Chain | AC7: G56 | AD7: G354 | AE7: A354 | AF7: 15.722 | AG7: 0.171 | AH7: 13.2 | AI7: 0.107 | AJ7: =AF7-AH7 -> 2.522 | AK7: =SQRT((AG7)^2 + (AI7)^2) -> 0.20171762 | AL7: =AK7^2 -> 0.04069 | AM7: 0.35 | AN7: =(AJ7-AM7)^2 -> 4.717584 | AO7: Both Sides Convered after 1st 20 ns | AV7: 100 ns | AW7: Heavy Chain | AX7: G56 | AY7: G354 | AZ7: A354 | BA7: 15.317 | BB7: 0.129 | BC7: 13.378 | BD7: 0.045 | BE7: =BA7-BC7 -> 1.939 | BF7: =SQRT((BB7)^2 + (BD7)^2) -> 0.13662357 | BG7: =BF7^2 -> 0.018666 | BH7: 0.35 | BI7: =(BE7-BH7)^2 -> 2.524921 | BJ7: Complex and antibody converged after 1st 100 ns
E8: S59 | F8: S357 | G8: 1.15 | J8: 5 ns | K8: Heavy Chain | L8: Q63 | M8: Q361 | N8: A361 | O8: 47.298 | P8: 0.318 | Q8: 46.334 | R8: 0.027 | S8: =O8-Q8 -> 0.964 | T8: =SQRT((P8)^2 + (R8)^2) -> 0.31914417 | U8: =T8^2 -> 0.101853 | V8: 1.11 | W8: =(S8-V8)^2 -> 0.021316 | X8: Converged | AA8: 20 ns | AB8: Heavy Chain | AC8: V58 | AD8: V356 | AE8: A356 | AF8: -5.315 | AG8: 0.23 | AH8: -5.753 | AI8: 0.077 | AJ8: =AF8-AH8 -> 0.438 | AK8: =SQRT((AG8)^2 + (AI8)^2) -> 0.2425469 | AL8: =AK8^2 -> 0.058829 | AM8: 1.25 | AN8: =(AJ8-AM8)^2 -> 0.659344 | AO8: Both Sides Convered after 1st 20 ns | AV8: 100 ns | AW8: Heavy Chain | AX8: V58 | AY8: V356 | AZ8: A356 | BA8: -5.338 | BB8: 0.11 | BC8: -5.745 | BD8: 0.029 | BE8: =BA8-BC8 -> 0.407 | BF8: =SQRT((BB8)^2 + (BD8)^2) -> 0.11375852 | BG8: =BF8^2 -> 0.012941 | BH8: 1.25 | BI8: =(BE8-BH8)^2 -> 0.710649 | BJ8: Complex and antibody converged after 1st 100 ns
E9: Y60 | F9: Y358 | G9: 0.86 | J9: 5 ns | K9: Heavy Chain | L9: Q65 | M9: Q363 | N9: A363 | O9: 47.186 | P9: 0.235 | Q9: 45.956 | R9: 0.065 | S9: =O9-Q9 -> 1.23 | T9: =SQRT((P9)^2 + (R9)^2) -> 0.24382371 | U9: =T9^2 -> 0.05945 | V9: 0.55 | W9: =(S9-V9)^2 -> 0.4624 | X9: Converged | AA9: 20 ns | AB9: Heavy Chain | AC9: S59 | AD9: S357 | AE9: A357 | AF9: -5.461 | AG9: 0.069 | AH9: -6.91 | AI9: 0.045 | AJ9: =AF9-AH9 -> 1.449 | AK9: =SQRT((AG9)^2 + (AI9)^2) -> 0.082377181 | AL9: =AK9^2 -> 0.006786 | AM9: 1.15 | AN9: =(AJ9-AM9)^2 -> 0.089401 | AO9: Both Sides Convered after 1st 20 ns | AV9: 100 ns | AW9: Heavy Chain | AX9: S59 | AY9: S357 | AZ9: A357 | BA9: -5.589 | BB9: 0.156 | BC9: -7.125 | BD9: 0.09 | BE9: =BA9-BC9 -> 1.536 | BF9: =SQRT((BB9)^2 + (BD9)^2) -> 0.18009997 | BG9: =BF9^2 -> 0.032436 | BH9: 1.15 | BI9: =(BE9-BH9)^2 -> 0.148996 | BJ9: Complex and antibody converged after 1st 100 ns
E10: Q63 | F10: Q361 | G10: 1.11 | J10: 5 ns | K10: Heavy Chain | L10: Q76 | M10: Q374 | N10: A374 | O10: 46.653 | P10: 0.089 | Q10: 46.852 | R10: 0.143 | S10: =O10-Q10 -> -0.199 | T10: =SQRT((P10)^2 + (R10)^2) -> 0.16843396 | U10: =T10^2 -> 0.02837 | V10: 0.09 | W10: =(S10-V10)^2 -> 0.083521 | X10: Converged | AA10: 20 ns | AB10: Heavy Chain | AC10: Y60 | AD10: Y358 | AE10: A358 | AF10: -5.761 | AG10: 0.127 | AH10: -5.878 | AI10: 0.345 | AJ10: =AF10-AH10 -> 0.117 | AK10: =SQRT((AG10)^2 + (AI10)^2) -> 0.36763297 | AL10: =AK10^2 -> 0.135154 | AM10: 0.86 | AN10: =(AJ10-AM10)^2 -> 0.552049 | AO10: Both Sides Convered after 1st 20 ns | AV10: 100 ns | AW10: Heavy Chain | AX10: Y60 | AY10: Y358 | AZ10: A358 | BA10: -6.017 | BB10: 0.253 | BC10: -6.242 | BD10: 0.157 | BE10: =BA10-BC10 -> 0.225 | BF10: =SQRT((BB10)^2 + (BD10)^2) -> 0.29775493 | BG10: =BF10^2 -> 0.088658 | BH10: 0.86 | BI10: =(BE10-BH10)^2 -> 0.403225 | BJ10: Complex and antibody converged after 1st 100 ns
E11: Q65 | F11: Q363 | G11: 0.55 | J11: 5 ns | K11: Heavy Chain | L11: Y111 | M11: Y409 | N11: A409 | O11: -8.356 | P11: 0.153 | Q11: -7.906 | R11: 0.333 | S11: =O11-Q11 -> -0.45 | T11: =SQRT((P11)^2 + (R11)^2) -> 0.36646692 | U11: =T11^2 -> 0.134298 | V11: 0.83 | W11: =(S11-V11)^2 -> 1.6384 | X11: Converged | AA11: 20 ns | AB11: Heavy Chain | AC11: Q63 | AD11: Q361 | AE11: A361 | AF11: 47.467 | AG11: 0.094 | AH11: 46.307 | AI11: 0.044 | AJ11: =AF11-AH11 -> 1.16 | AK11: =SQRT((AG11)^2 + (AI11)^2) -> 0.10378825 | AL11: =AK11^2 -> 0.010772 | AM11: 1.11 | AN11: =(AJ11-AM11)^2 -> 0.0025 | AO11: Both Sides Convered after 1st 20 ns | AV11: 100 ns | AW11: Heavy Chain | AX11: Q63 | AY11: Q361 | AZ11: A361 | BA11: 46.832 | BB11: 0.127 | BC11: 46.287 | BD11: 0.031 | BE11: =BA11-BC11 -> 0.545 | BF11: =SQRT((BB11)^2 + (BD11)^2) -> 0.13072873 | BG11: =BF11^2 -> 0.01709 | BH11: 1.11 | BI11: =(BE11-BH11)^2 -> 0.319225 | BJ11: Complex and antibody converged after 1st 100 ns
E12: Q76 | F12: Q374 | G12: 0.09 | J12: 5 ns | K12: Heavy Chain | L12: F115 | M12: F413 | N12: A413 | O12: -16.396 | P12: 0.312 | Q12: -20.651 | R12: 0.212 | S12: =O12-Q12 -> 4.255 | T12: =SQRT((P12)^2 + (R12)^2) -> 0.37721082 | U12: =T12^2 -> 0.142288 | V12: 1.07 | W12: =(S12-V12)^2 -> 10.144225 | X12: Converged | AA12: 20 ns | AB12: Heavy Chain | AC12: Q65 | AD12: Q363 | AE12: A363 | AF12: 46.467 | AG12: 0.204 | AH12: 45.91 | AI12: 0.047 | AJ12: =AF12-AH12 -> 0.557 | AK12: =SQRT((AG12)^2 + (AI12)^2) -> 0.20934421 | AL12: =AK12^2 -> 0.043825 | AM12: 0.55 | AN12: =(AJ12-AM12)^2 -> 4.9e-05 | AO12: Both Sides Convered after 1st 20 ns | AV12: 100 ns | AW12: Heavy Chain | AX12: Q65 | AY12: Q363 | AZ12: A363 | BA12: 46.542 | BB12: 0.132 | BC12: 45.903 | BD12: 0.066 | BE12: =BA12-BC12 -> 0.639 | BF12: =SQRT((BB12)^2 + (BD12)^2) -> 0.14758049 | BG12: =BF12^2 -> 0.02178 | BH12: 0.55 | BI12: =(BE12-BH12)^2 -> 0.007921 | BJ12: Complex and antibody converged after 1st 100 ns
E13: Y111 | F13: Y409 | G13: 0.83 | U13: SUM | W13: SUM | AA13: 20 ns | AB13: Heavy Chain | AC13: Q76 | AD13: Q374 | AE13: A374 | AF13: 46.451 | AG13: 0.059 | AH13: 46.647 | AI13: 0.035 | AJ13: =AF13-AH13 -> -0.196 | AK13: =SQRT((AG13)^2 + (AI13)^2) -> 0.068600292 | AL13: =AK13^2 -> 0.004706 | AM13: 0.09 | AN13: =(AJ13-AM13)^2 -> 0.081796 | AO13: Both Sides Convered after 1st 20 ns | AV13: 100 ns | AW13: Heavy Chain | AX13: Q76 | AY13: Q374 | AZ13: A374 | BA13: 46.751 | BB13: 0.057 | BC13: 46.564 | BD13: 0.028 | BE13: =BA13-BC13 -> 0.187 | BF13: =SQRT((BB13)^2 + (BD13)^2) -> 0.063505905 | BG13: =BF13^2 -> 0.004033 | BH13: 0.09 | BI13: =(BE13-BH13)^2 -> 0.009409 | BJ13: Complex and antibody converged after 1st 100 ns
B14: Shown highlighted as below | E14: F115 | F14: F413 | G14: 1.07 | U14: =SUM(U3:U12) -> 0.841968 | W14: =SUM(W3:W12) -> 19.427691 | AA14: 20 ns | AB14: Heavy Chain | AC14: Y111 | AD14: Y409 | AE14: A409 | AF14: -8.458 | AG14: 0.1 | AH14: -8.694 | AI14: 0.131 | AJ14: =AF14-AH14 -> 0.236 | AK14: =SQRT((AG14)^2 + (AI14)^2) -> 0.16480595 | AL14: =AK14^2 -> 0.027161 | AM14: 0.83 | AN14: =(AJ14-AM14)^2 -> 0.352836 | AO14: Both Sides Convered after 1st 20 ns | AV14: 100 ns | AW14: Heavy Chain | AX14: Y111 | AY14: Y409 | AZ14: A409 | BA14: -8.738 | BB14: 0.091 | BC14: -8.655 | BD14: 0.035 | BE14: =BA14-BC14 -> -0.083 | BF14: =SQRT((BB14)^2 + (BD14)^2) -> 0.097498718 | BG14: =BF14^2 -> 0.009506 | BH14: 0.83 | BI14: =(BE14-BH14)^2 -> 0.833569 | BJ14: Complex and antibody converged after 1st 100 ns
A15: Glycan Contact Residues | AA15: 100 ns | AB15: Heavy Chain | AC15: F115 | AD15: F413 | AE15: A413 | AF15: -19.974 | AG15: 0.986 | AH15: -22.345 | AI15: 0.19 | AJ15: =AF15-AH15 -> 2.371 | AK15: =SQRT((AG15)^2 + (AI15)^2) -> 1.0041394 | AL15: =AK15^2 -> 1.008296 | AM15: 1.07 | AN15: =(AJ15-AM15)^2 -> 1.692601 | AO15: Averaged 2nd and 3rd 100 ns for Complex , Antibody converged after 1st 100 ns | AV15: 100 ns | AW15: Heavy Chain | AX15: F115 | AY15: F413 | AZ15: A413 | BA15: -19.974 | BB15: 0.986 | BC15: -22.345 | BD15: 0.19 | BE15: =BA15-BC15 -> 2.371 | BF15: =SQRT((BB15)^2 + (BD15)^2) -> 1.0041394 | BG15: =BF15^2 -> 1.008296 | BH15: 1.07 | BI15: =(BE15-BH15)^2 -> 1.692601 | BJ15: Averaged 2nd and 3rd 100 ns for Complex , Antibody converged after 1st 100 ns
V16: RMSE | W16: =SQRT(W14/10) -> 1.3938325 | AL16: SUM | AN16: SUM | BG16: SUM | BI16: SUM
V17: Uncertainty | W17: =SQRT(U14/10) -> 0.29016685 | AL17: =SUM(AL3:AL15) -> 1.825847 | AN17: =SUM(AN3:AN15) -> 23.253245 | BG17: =SUM(BG3:BG15) -> 1.626258 | BI17: =SUM(BI3:BI15) -> 20.965725
AM19: RMSE | AN19: =SQRT(AN17/13) -> 1.3374271 | BH19: RMSE | BI19: =SQRT(BI17/13) -> 1.2699402
J20: 5 ns - Light Chain | AM20: Uncertainty | AN20: =SQRT(AL17/13) -> 0.37476629 | BH20: Uncertainty | BI20: =SQRT(BG17/13) -> 0.35369022
J21: Time | K21: Chain | L21: Residue Number | M21: Mutation | N21: Alanine | O21: DG-Complex | P21: Uncertainty-Complex | Q21: DG-Antibody | R21: Uncertainty-Antibody | S21: DDG | T21: Uncertainty | U21: Uncertainty^2 | V21: Database | W21: Squared Error | X21: Convergence Status
J22: 5 ns | K22: Light Chain | L22: Q27 | M22: Q558 | N22: A558 | O22: 46.568 | P22: 0.137 | Q22: 46.351 | R22: 0.06 | S22: =O22-Q22 -> 0.217 | T22: =SQRT((P22)^2 + (R22)^2) -> 0.1495627 | U22: =T22^2 -> 0.022369 | V22: -0.22 | W22: =(S22-V22)^2 -> 0.190969 | X22: Converged
J23: 5 ns | K23: Light Chain | L23: N30 | M23: N561 | N23: A561 | O23: 68.072 | P23: 0.094 | Q23: 68.706 | R23: 0.115 | S23: =O23-Q23 -> -0.634 | T23: =SQRT((P23)^2 + (R23)^2) -> 0.14852946 | U23: =T23^2 -> 0.022061 | V23: 0.2 | W23: =(S23-V23)^2 -> 0.695556 | X23: Converged | AA23: 20 ns - Light Chain
J24: 5 ns | K24: Light Chain | L24: F90 | M24: F621 | N24: A621 | O24: -22.6 | P24: 0.183 | Q24: -24.513 | R24: 0.149 | S24: =O24-Q24 -> 1.913 | T24: =SQRT((P24)^2 + (R24)^2) -> 0.23598729 | U24: =T24^2 -> 0.05569 | V24: -0.87 | W24: =(S24-V24)^2 -> 7.745089 | X24: Converged | AA24: Time | AB24: Chain | AC24: Residue Number | AD24: Mutation | AE24: Alanine | AF24: DG-Complex | AG24: Uncertainty-Complex | AH24: DG-Antibody | AI24: Uncertainty-Antibody | AJ24: DDG | AK24: Uncertainty | AL24: Uncertainty^2 | AM24: Database | AN24: Squared Error | AO24: Convergence Status
J25: 5 ns | K25: Light Chain | L25: F92 | M25: F623 | N25: A623 | O25: -22.948 | P25: 0.151 | Q25: -24.226 | R25: 0.223 | S25: =O25-Q25 -> 1.278 | T25: =SQRT((P25)^2 + (R25)^2) -> 0.26931394 | U25: =T25^2 -> 0.07253 | V25: 0.83 | W25: =(S25-V25)^2 -> 0.200704 | X25: Converged | AA25: 20 ns | AB25: Light Chain | AC25: Q27 | AD25: Q558 | AE25: A558 | AF25: 46.144 | AG25: 0.061 | AH25: 46.199 | AI25: 0.114 | AJ25: =AF25-AH25 -> -0.055 | AK25: =SQRT((AG25)^2 + (AI25)^2) -> 0.12929424 | AL25: =AK25^2 -> 0.016717 | AM25: -0.22 | AN25: =(AJ25-AM25)^2 -> 0.027225 | AO25: Both Sides Convered after 1st 20 ns
U26: SUM | W26: SUM | AA26: 20 ns | AB26: Light Chain | AC26: N30 | AD26: N561 | AE26: A561 | AF26: 68.542 | AG26: 0.056 | AH26: 68.394 | AI26: 0.093 | AJ26: =AF26-AH26 -> 0.148 | AK26: =SQRT((AG26)^2 + (AI26)^2) -> 0.10855874 | AL26: =AK26^2 -> 0.011785 | AM26: 0.2 | AN26: =(AJ26-AM26)^2 -> 0.002704 | AO26: Both Sides Convered after 1st 20 ns | AV26: 100 ns - Light Chain
U27: =SUM(U22:U25) -> 0.17265 | W27: =SUM(W22:W25) -> 8.832318 | AA27: 100 ns | AB27: Light Chain | AC27: F90 | AD27: F621 | AE27: A621 | AF27: -23.031 | AG27: 0.143 | AH27: -24.692 | AI27: 0.067 | AJ27: =AF27-AH27 -> 1.661 | AK27: =SQRT((AG27)^2 + (AI27)^2) -> 0.1579177 | AL27: =AK27^2 -> 0.024938 | AM27: -0.87 | AN27: =(AJ27-AM27)^2 -> 6.405961 | AO27: Both Sides Convered after 1st 100 ns | AV27: Time | AW27: Chain | AX27: Residue Number | AY27: Mutation | AZ27: Alanine | BA27: DG-Complex | BB27: Uncertainty-Complex | BC27: DG-Antibody | BD27: Uncertainty-Antibody | BE27: DDG | BF27: Uncertainty | BG27: Uncertainty^2 | BH27: Database | BI27: Squared Error | BJ27: Convergence Status
AA28: 100 ns | AB28: Light Chain | AC28: F92 | AD28: F623 | AE28: A623 | AF28: -22.321 | AG28: 0.113 | AH28: -24.714 | AI28: 0.24 | AJ28: =AF28-AH28 -> 2.393 | AK28: =SQRT((AG28)^2 + (AI28)^2) -> 0.26527156 | AL28: =AK28^2 -> 0.070369 | AM28: 0.83 | AN28: =(AJ28-AM28)^2 -> 2.442969 | AO28: Both Sides Convered after 1st 100 ns | AV28: 100 ns | AW28: Light Chain | AX28: Q27 | AY28: Q558 | AZ28: A558 | BA28: 46.196 | BB28: 0.067 | BC28: 46.013 | BD28: 0.064 | BE28: =BA28-BC28 -> 0.183 | BF28: =SQRT((BB28)^2 + (BD28)^2) -> 0.092655275 | BG28: =BF28^2 -> 0.008585 | BH28: -0.22 | BI28: =(BE28-BH28)^2 -> 0.162409 | BJ28: Both Sides Convered after 1st 100 ns
V29: RMSE | W29: =SQRT(W27/4) -> 1.4859608 | AL29: SUM | AN29: SUM | AV29: 100 ns | AW29: Light Chain | AX29: N30 | AY29: N561 | AZ29: A561 | BA29: 68.663 | BB29: 0.067 | BC29: 68.444 | BD29: 0.058 | BE29: =BA29-BC29 -> 0.219 | BF29: =SQRT((BB29)^2 + (BD29)^2) -> 0.088617154 | BG29: =BF29^2 -> 0.007853 | BH29: 0.2 | BI29: =(BE29-BH29)^2 -> 0.000361 | BJ29: Both Sides Convered after 1st 100 ns
V30: Uncertainty | W30: =SQRT(U27/4) -> 0.20775587 | AL30: =SUM(AL25:AL28) -> 0.123809 | AN30: =SUM(AN25:AN28) -> 8.878859 | AV30: 100 ns | AW30: Light Chain | AX30: F90 | AY30: F621 | AZ30: A621 | BA30: -23.031 | BB30: 0.143 | BC30: -24.692 | BD30: 0.067 | BE30: =BA30-BC30 -> 1.661 | BF30: =SQRT((BB30)^2 + (BD30)^2) -> 0.1579177 | BG30: =BF30^2 -> 0.024938 | BH30: -0.87 | BI30: =(BE30-BH30)^2 -> 6.405961 | BJ30: Both Sides Convered after 1st 100 ns
AV31: 100 ns | AW31: Light Chain | AX31: F92 | AY31: F623 | AZ31: A623 | BA31: -22.321 | BB31: 0.113 | BC31: -24.714 | BD31: 0.24 | BE31: =BA31-BC31 -> 2.393 | BF31: =SQRT((BB31)^2 + (BD31)^2) -> 0.26527156 | BG31: =BF31^2 -> 0.070369 | BH31: 0.83 | BI31: =(BE31-BH31)^2 -> 2.442969 | BJ31: Both Sides Convered after 1st 100 ns
AM32: RMSE | AN32: =SQRT(AN30/4) -> 1.4898707 | BG32: SUM | BI32: SUM
J33: 5 ns - All | AM33: Uncertainty | AN33: =SQRT(AL30/4) -> 0.17593252 | BG33: =SUM(BG28:BG31) -> 0.111745 | BI33: =SUM(BI28:BI31) -> 9.0117
J34: Time | K34: Chain | L34: Residue Number | M34: Mutation | N34: Alanine | O34: DG-Complex | P34: Uncertainty-Complex | Q34: DG-Antibody | R34: Uncertainty-Antibody | S34: DDG | T34: Uncertainty | U34: Uncertainty^2 | V34: Database | W34: Squared Error
J35: 5 ns | K35: Heavy Chain | L35: L54 | M35: L352 | N35: A352 | O35: 4.809 | P35: 0.269 | Q35: 6.426 | R35: 0.042 | S35: =O35-Q35 -> -1.617 | T35: =SQRT((P35)^2 + (R35)^2) -> 0.27225907 | U35: =T35^2 -> 0.074125 | V35: 0.05 | W35: =(S35-V35)^2 -> 2.778889 | BH35: RMSE | BI35: =SQRT(BI33/4) -> 1.5009747
J36: 5 ns | K36: Heavy Chain | L36: G56 | M36: G354 | N36: A354 | O36: 14.904 | P36: 0.217 | Q36: 12.847 | R36: 0.212 | S36: =O36-Q36 -> 2.057 | T36: =SQRT((P36)^2 + (R36)^2) -> 0.30336941 | U36: =T36^2 -> 0.092033 | V36: 0.35 | W36: =(S36-V36)^2 -> 2.913849 | AA36: 20 ns - All | BH36: Uncertainty | BI36: =SQRT(BG33/4) -> 0.16714141
J37: 5 ns | K37: Heavy Chain | L37: V58 | M37: V356 | N37: A356 | O37: -5.401 | P37: 0.265 | Q37: -5.794 | R37: 0.081 | S37: =O37-Q37 -> 0.393 | T37: =SQRT((P37)^2 + (R37)^2) -> 0.27710287 | U37: =T37^2 -> 0.076786 | V37: 1.25 | W37: =(S37-V37)^2 -> 0.734449 | AA37: Time | AB37: Chain | AC37: Residue Number | AD37: Mutation | AE37: Alanine | AF37: DG-Complex | AG37: Uncertainty-Complex | AH37: DG-Antibody | AI37: Uncertainty-Antibody | AJ37: DDG | AK37: Uncertainty | AL37: Uncertainty^2 | AM37: Database | AN37: Squared Error
J38: 5 ns | K38: Heavy Chain | L38: S59 | M38: S357 | N38: A357 | O38: -5.068 | P38: 0.162 | Q38: -6.867 | R38: 0.034 | S38: =O38-Q38 -> 1.799 | T38: =SQRT((P38)^2 + (R38)^2) -> 0.16552945 | U38: =T38^2 -> 0.0274 | V38: 1.15 | W38: =(S38-V38)^2 -> 0.421201 | AA38: 100 ns | AB38: Heavy Chain | AC38: W47 | AD38: W345 | AE38: A345 | AF38: -32.768 | AG38: 0.253 | AH38: -37.601 | AI38: 0.17 | AJ38: =AF38-AH38 -> 4.833 | AK38: =SQRT((AG38)^2 + (AI38)^2) -> 0.30480978 | AL38: =AK38^2 -> 0.092909 | AM38: 1.48 | AN38: =(AJ38-AM38)^2 -> 11.242609 | AV38: 100 ns - All
J39: 5 ns | K39: Heavy Chain | L39: Y60 | M39: Y358 | N39: A358 | O39: -4.972 | P39: 0.233 | Q39: -5.353 | R39: 0.226 | S39: =O39-Q39 -> 0.381 | T39: =SQRT((P39)^2 + (R39)^2) -> 0.32459975 | U39: =T39^2 -> 0.105365 | V39: 0.86 | W39: =(S39-V39)^2 -> 0.229441 | AA39: 100 ns | AB39: Heavy Chain | AC39: W50 | AD39: W348 | AE39: A348 | AF39: -40.854 | AG39: 0.308 | AH39: -42.294 | AI39: 0.098 | AJ39: =AF39-AH39 -> 1.44 | AK39: =SQRT((AG39)^2 + (AI39)^2) -> 0.3232151 | AL39: =AK39^2 -> 0.104468 | AM39: 1.33 | AN39: =(AJ39-AM39)^2 -> 0.0121 | AV39: Time | AW39: Chain | AX39: Residue Number | AY39: Mutation | AZ39: Alanine | BA39: DG-Complex | BB39: Uncertainty-Complex | BC39: DG-Antibody | BD39: Uncertainty-Antibody | BE39: DDG | BF39: Uncertainty | BG39: Uncertainty^2 | BH39: Database | BI39: Squared Error
J40: 5 ns | K40: Heavy Chain | L40: Q63 | M40: Q361 | N40: A361 | O40: 47.298 | P40: 0.318 | Q40: 46.334 | R40: 0.027 | S40: =O40-Q40 -> 0.964 | T40: =SQRT((P40)^2 + (R40)^2) -> 0.31914417 | U40: =T40^2 -> 0.101853 | V40: 1.11 | W40: =(S40-V40)^2 -> 0.021316 | AA40: 20 ns | AB40: Heavy Chain | AC40: L54 | AD40: L352 | AE40: A352 | AF40: 5.507 | AG40: 0.385 | AH40: 6.383 | AI40: 0.164 | AJ40: =AF40-AH40 -> -0.876 | AK40: =SQRT((AG40)^2 + (AI40)^2) -> 0.41847461 | AL40: =AK40^2 -> 0.175121 | AM40: 0.05 | AN40: =(AJ40-AM40)^2 -> 0.857476 | AV40: 100 ns | AW40: Heavy Chain | AX40: W47 | AY40: W345 | AZ40: A345 | BA40: -32.768 | BB40: 0.253 | BC40: -37.601 | BD40: 0.17 | BE40: =BA40-BC40 -> 4.833 | BF40: =SQRT((BB40)^2 + (BD40)^2) -> 0.30480978 | BG40: =BF40^2 -> 0.092909 | BH40: 1.48 | BI40: =(BE40-BH40)^2 -> 11.242609
J41: 5 ns | K41: Heavy Chain | L41: Q65 | M41: Q363 | N41: A363 | O41: 47.186 | P41: 0.235 | Q41: 45.956 | R41: 0.065 | S41: =O41-Q41 -> 1.23 | T41: =SQRT((P41)^2 + (R41)^2) -> 0.24382371 | U41: =T41^2 -> 0.05945 | V41: 0.55 | W41: =(S41-V41)^2 -> 0.4624 | AA41: 100 ns | AB41: Heavy Chain | AC41: W55 | AD41: W353 | AE41: A353 | AF41: -39.873 | AG41: 0.339 | AH41: -42.363 | AI41: 0.047 | AJ41: =AF41-AH41 -> 2.49 | AK41: =SQRT((AG41)^2 + (AI41)^2) -> 0.3422426 | AL41: =AK41^2 -> 0.11713 | AM41: 0.76 | AN41: =(AJ41-AM41)^2 -> 2.9929 | AV41: 100 ns | AW41: Heavy Chain | AX41: W50 | AY41: W348 | AZ41: A348 | BA41: -40.854 | BB41: 0.308 | BC41: -42.294 | BD41: 0.098 | BE41: =BA41-BC41 -> 1.44 | BF41: =SQRT((BB41)^2 + (BD41)^2) -> 0.3232151 | BG41: =BF41^2 -> 0.104468 | BH41: 1.33 | BI41: =(BE41-BH41)^2 -> 0.0121
J42: 5 ns | K42: Heavy Chain | L42: Q76 | M42: Q374 | N42: A374 | O42: 46.653 | P42: 0.089 | Q42: 46.852 | R42: 0.143 | S42: =O42-Q42 -> -0.199 | T42: =SQRT((P42)^2 + (R42)^2) -> 0.16843396 | U42: =T42^2 -> 0.02837 | V42: 0.09 | W42: =(S42-V42)^2 -> 0.083521 | AA42: 20 ns | AB42: Heavy Chain | AC42: G56 | AD42: G354 | AE42: A354 | AF42: 15.722 | AG42: 0.171 | AH42: 13.2 | AI42: 0.107 | AJ42: =AF42-AH42 -> 2.522 | AK42: =SQRT((AG42)^2 + (AI42)^2) -> 0.20171762 | AL42: =AK42^2 -> 0.04069 | AM42: 0.35 | AN42: =(AJ42-AM42)^2 -> 4.717584 | AV42: 100 ns | AW42: Heavy Chain | AX42: L54 | AY42: L352 | AZ42: A352 | BA42: 5.885 | BB42: 0.308 | BC42: 6.095 | BD42: 0.059 | BE42: =BA42-BC42 -> -0.21 | BF42: =SQRT((BB42)^2 + (BD42)^2) -> 0.31360006 | BG42: =BF42^2 -> 0.098345 | BH42: 0.05 | BI42: =(BE42-BH42)^2 -> 0.0676
J43: 5 ns | K43: Heavy Chain | L43: Y111 | M43: Y409 | N43: A409 | O43: -8.356 | P43: 0.153 | Q43: -7.906 | R43: 0.333 | S43: =O43-Q43 -> -0.45 | T43: =SQRT((P43)^2 + (R43)^2) -> 0.36646692 | U43: =T43^2 -> 0.134298 | V43: 0.83 | W43: =(S43-V43)^2 -> 1.6384 | AA43: 20 ns | AB43: Heavy Chain | AC43: V58 | AD43: V356 | AE43: A356 | AF43: -5.315 | AG43: 0.23 | AH43: -5.753 | AI43: 0.077 | AJ43: =AF43-AH43 -> 0.438 | AK43: =SQRT((AG43)^2 + (AI43)^2) -> 0.2425469 | AL43: =AK43^2 -> 0.058829 | AM43: 1.25 | AN43: =(AJ43-AM43)^2 -> 0.659344 | AV43: 100 ns | AW43: Heavy Chain | AX43: W55 | AY43: W353 | AZ43: A353 | BA43: -39.873 | BB43: 0.339 | BC43: -42.363 | BD43: 0.047 | BE43: =BA43-BC43 -> 2.49 | BF43: =SQRT((BB43)^2 + (BD43)^2) -> 0.3422426 | BG43: =BF43^2 -> 0.11713 | BH43: 0.76 | BI43: =(BE43-BH43)^2 -> 2.9929
J44: 5 ns | K44: Heavy Chain | L44: F115 | M44: F413 | N44: A413 | O44: -16.396 | P44: 0.312 | Q44: -20.651 | R44: 0.212 | S44: =O44-Q44 -> 4.255 | T44: =SQRT((P44)^2 + (R44)^2) -> 0.37721082 | U44: =T44^2 -> 0.142288 | V44: 1.07 | W44: =(S44-V44)^2 -> 10.144225 | AA44: 20 ns | AB44: Heavy Chain | AC44: S59 | AD44: S357 | AE44: A357 | AF44: -5.461 | AG44: 0.069 | AH44: -6.91 | AI44: 0.045 | AJ44: =AF44-AH44 -> 1.449 | AK44: =SQRT((AG44)^2 + (AI44)^2) -> 0.082377181 | AL44: =AK44^2 -> 0.006786 | AM44: 1.15 | AN44: =(AJ44-AM44)^2 -> 0.089401 | AV44: 100 ns | AW44: Heavy Chain | AX44: G56 | AY44: G354 | AZ44: A354 | BA44: 15.317 | BB44: 0.129 | BC44: 13.378 | BD44: 0.045 | BE44: =BA44-BC44 -> 1.939 | BF44: =SQRT((BB44)^2 + (BD44)^2) -> 0.13662357 | BG44: =BF44^2 -> 0.018666 | BH44: 0.35 | BI44: =(BE44-BH44)^2 -> 2.524921
J45: 5 ns | K45: Light Chain | L45: Q27 | M45: Q558 | N45: A558 | O45: 46.568 | P45: 0.137 | Q45: 46.351 | R45: 0.06 | S45: =O45-Q45 -> 0.217 | T45: =SQRT((P45)^2 + (R45)^2) -> 0.1495627 | U45: =T45^2 -> 0.022369 | V45: -0.22 | W45: =(S45-V45)^2 -> 0.190969 | AA45: 20 ns | AB45: Heavy Chain | AC45: Y60 | AD45: Y358 | AE45: A358 | AF45: -5.761 | AG45: 0.127 | AH45: -5.878 | AI45: 0.345 | AJ45: =AF45-AH45 -> 0.117 | AK45: =SQRT((AG45)^2 + (AI45)^2) -> 0.36763297 | AL45: =AK45^2 -> 0.135154 | AM45: 0.86 | AN45: =(AJ45-AM45)^2 -> 0.552049 | AV45: 100 ns | AW45: Heavy Chain | AX45: V58 | AY45: V356 | AZ45: A356 | BA45: -5.338 | BB45: 0.11 | BC45: -5.745 | BD45: 0.029 | BE45: =BA45-BC45 -> 0.407 | BF45: =SQRT((BB45)^2 + (BD45)^2) -> 0.11375852 | BG45: =BF45^2 -> 0.012941 | BH45: 1.25 | BI45: =(BE45-BH45)^2 -> 0.710649
J46: 5 ns | K46: Light Chain | L46: N30 | M46: N561 | N46: A561 | O46: 68.072 | P46: 0.094 | Q46: 68.706 | R46: 0.115 | S46: =O46-Q46 -> -0.634 | T46: =SQRT((P46)^2 + (R46)^2) -> 0.14852946 | U46: =T46^2 -> 0.022061 | V46: 0.2 | W46: =(S46-V46)^2 -> 0.695556 | AA46: 20 ns | AB46: Heavy Chain | AC46: Q63 | AD46: Q361 | AE46: A361 | AF46: 47.467 | AG46: 0.094 | AH46: 46.307 | AI46: 0.044 | AJ46: =AF46-AH46 -> 1.16 | AK46: =SQRT((AG46)^2 + (AI46)^2) -> 0.10378825 | AL46: =AK46^2 -> 0.010772 | AM46: 1.11 | AN46: =(AJ46-AM46)^2 -> 0.0025 | AV46: 100 ns | AW46: Heavy Chain | AX46: S59 | AY46: S357 | AZ46: A357 | BA46: -5.589 | BB46: 0.156 | BC46: -7.125 | BD46: 0.09 | BE46: =BA46-BC46 -> 1.536 | BF46: =SQRT((BB46)^2 + (BD46)^2) -> 0.18009997 | BG46: =BF46^2 -> 0.032436 | BH46: 1.15 | BI46: =(BE46-BH46)^2 -> 0.148996
J47: 5 ns | K47: Light Chain | L47: F90 | M47: F621 | N47: A621 | O47: -22.6 | P47: 0.183 | Q47: -24.513 | R47: 0.149 | S47: =O47-Q47 -> 1.913 | T47: =SQRT((P47)^2 + (R47)^2) -> 0.23598729 | U47: =T47^2 -> 0.05569 | V47: -0.87 | W47: =(S47-V47)^2 -> 7.745089 | AA47: 20 ns | AB47: Heavy Chain | AC47: Q65 | AD47: Q363 | AE47: A363 | AF47: 46.467 | AG47: 0.204 | AH47: 45.91 | AI47: 0.047 | AJ47: =AF47-AH47 -> 0.557 | AK47: =SQRT((AG47)^2 + (AI47)^2) -> 0.20934421 | AL47: =AK47^2 -> 0.043825 | AM47: 0.55 | AN47: =(AJ47-AM47)^2 -> 4.9e-05 | AV47: 100 ns | AW47: Heavy Chain | AX47: Y60 | AY47: Y358 | AZ47: A358 | BA47: -6.017 | BB47: 0.253 | BC47: -6.242 | BD47: 0.157 | BE47: =BA47-BC47 -> 0.225 | BF47: =SQRT((BB47)^2 + (BD47)^2) -> 0.29775493 | BG47: =BF47^2 -> 0.088658 | BH47: 0.86 | BI47: =(BE47-BH47)^2 -> 0.403225
J48: 5 ns | K48: Light Chain | L48: F92 | M48: F623 | N48: A623 | O48: -22.948 | P48: 0.151 | Q48: -24.226 | R48: 0.223 | S48: =O48-Q48 -> 1.278 | T48: =SQRT((P48)^2 + (R48)^2) -> 0.26931394 | U48: =T48^2 -> 0.07253 | V48: 0.83 | W48: =(S48-V48)^2 -> 0.200704 | AA48: 20 ns | AB48: Heavy Chain | AC48: Q76 | AD48: Q374 | AE48: A374 | AF48: 46.451 | AG48: 0.059 | AH48: 46.647 | AI48: 0.035 | AJ48: =AF48-AH48 -> -0.196 | AK48: =SQRT((AG48)^2 + (AI48)^2) -> 0.068600292 | AL48: =AK48^2 -> 0.004706 | AM48: 0.09 | AN48: =(AJ48-AM48)^2 -> 0.081796 | AV48: 100 ns | AW48: Heavy Chain | AX48: Q63 | AY48: Q361 | AZ48: A361 | BA48: 46.832 | BB48: 0.127 | BC48: 46.287 | BD48: 0.031 | BE48: =BA48-BC48 -> 0.545 | BF48: =SQRT((BB48)^2 + (BD48)^2) -> 0.13072873 | BG48: =BF48^2 -> 0.01709 | BH48: 1.11 | BI48: =(BE48-BH48)^2 -> 0.319225
U49: SUM | W49: SUM | AA49: 20 ns | AB49: Heavy Chain | AC49: Y111 | AD49: Y409 | AE49: A409 | AF49: -8.458 | AG49: 0.1 | AH49: -8.694 | AI49: 0.131 | AJ49: =AF49-AH49 -> 0.236 | AK49: =SQRT((AG49)^2 + (AI49)^2) -> 0.16480595 | AL49: =AK49^2 -> 0.027161 | AM49: 0.83 | AN49: =(AJ49-AM49)^2 -> 0.352836 | AV49: 100 ns | AW49: Heavy Chain | AX49: Q65 | AY49: Q363 | AZ49: A363 | BA49: 46.542 | BB49: 0.132 | BC49: 45.903 | BD49: 0.066 | BE49: =BA49-BC49 -> 0.639 | BF49: =SQRT((BB49)^2 + (BD49)^2) -> 0.14758049 | BG49: =BF49^2 -> 0.02178 | BH49: 0.55 | BI49: =(BE49-BH49)^2 -> 0.007921
U50: =SUM(U35:U48) -> 1.014618 | W50: =SUM(W35:W48) -> 28.260009 | AA50: 100 ns | AB50: Heavy Chain | AC50: F115 | AD50: F413 | AE50: A413 | AF50: -19.974 | AG50: 0.986 | AH50: -22.345 | AI50: 0.19 | AJ50: =AF50-AH50 -> 2.371 | AK50: =SQRT((AG50)^2 + (AI50)^2) -> 1.0041394 | AL50: =AK50^2 -> 1.008296 | AM50: 1.07 | AN50: =(AJ50-AM50)^2 -> 1.692601 | AV50: 100 ns | AW50: Heavy Chain | AX50: Q76 | AY50: Q374 | AZ50: A374 | BA50: 46.751 | BB50: 0.057 | BC50: 46.564 | BD50: 0.028 | BE50: =BA50-BC50 -> 0.187 | BF50: =SQRT((BB50)^2 + (BD50)^2) -> 0.063505905 | BG50: =BF50^2 -> 0.004033 | BH50: 0.09 | BI50: =(BE50-BH50)^2 -> 0.009409
AA51: 20 ns | AB51: Light Chain | AC51: Q27 | AD51: Q558 | AE51: A558 | AF51: 46.144 | AG51: 0.061 | AH51: 46.199 | AI51: 0.114 | AJ51: =AF51-AH51 -> -0.055 | AK51: =SQRT((AG51)^2 + (AI51)^2) -> 0.12929424 | AL51: =AK51^2 -> 0.016717 | AM51: -0.22 | AN51: =(AJ51-AM51)^2 -> 0.027225 | AV51: 100 ns | AW51: Heavy Chain | AX51: Y111 | AY51: Y409 | AZ51: A409 | BA51: -8.738 | BB51: 0.091 | BC51: -8.655 | BD51: 0.035 | BE51: =BA51-BC51 -> -0.083 | BF51: =SQRT((BB51)^2 + (BD51)^2) -> 0.097498718 | BG51: =BF51^2 -> 0.009506 | BH51: 0.83 | BI51: =(BE51-BH51)^2 -> 0.833569
V52: RMSE | W52: =SQRT(W50/14) -> 1.4207646 | AA52: 20 ns | AB52: Light Chain | AC52: N30 | AD52: N561 | AE52: A561 | AF52: 68.542 | AG52: 0.056 | AH52: 68.394 | AI52: 0.093 | AJ52: =AF52-AH52 -> 0.148 | AK52: =SQRT((AG52)^2 + (AI52)^2) -> 0.10855874 | AL52: =AK52^2 -> 0.011785 | AM52: 0.2 | AN52: =(AJ52-AM52)^2 -> 0.002704 | AV52: 100 ns | AW52: Heavy Chain | AX52: F115 | AY52: F413 | AZ52: A413 | BA52: -19.974 | BB52: 0.986 | BC52: -22.345 | BD52: 0.19 | BE52: =BA52-BC52 -> 2.371 | BF52: =SQRT((BB52)^2 + (BD52)^2) -> 1.0041394 | BG52: =BF52^2 -> 1.008296 | BH52: 1.07 | BI52: =(BE52-BH52)^2 -> 1.692601
V53: Uncertainty | W53: =SQRT(U50/14) -> 0.26920757 | AA53: 100 ns | AB53: Light Chain | AC53: F90 | AD53: F621 | AE53: A621 | AF53: -23.031 | AG53: 0.143 | AH53: -24.692 | AI53: 0.067 | AJ53: =AF53-AH53 -> 1.661 | AK53: =SQRT((AG53)^2 + (AI53)^2) -> 0.1579177 | AL53: =AK53^2 -> 0.024938 | AM53: -0.87 | AN53: =(AJ53-AM53)^2 -> 6.405961 | AV53: 100 ns | AW53: Light Chain | AX53: Q27 | AY53: Q558 | AZ53: A558 | BA53: 46.196 | BB53: 0.067 | BC53: 46.013 | BD53: 0.064 | BE53: =BA53-BC53 -> 0.183 | BF53: =SQRT((BB53)^2 + (BD53)^2) -> 0.092655275 | BG53: =BF53^2 -> 0.008585 | BH53: -0.22 | BI53: =(BE53-BH53)^2 -> 0.162409
AA54: 100 ns | AB54: Light Chain | AC54: F92 | AD54: F623 | AE54: A623 | AF54: -22.321 | AG54: 0.113 | AH54: -24.714 | AI54: 0.24 | AJ54: =AF54-AH54 -> 2.393 | AK54: =SQRT((AG54)^2 + (AI54)^2) -> 0.26527156 | AL54: =AK54^2 -> 0.070369 | AM54: 0.83 | AN54: =(AJ54-AM54)^2 -> 2.442969 | AV54: 100 ns | AW54: Light Chain | AX54: N30 | AY54: N561 | AZ54: A561 | BA54: 68.663 | BB54: 0.067 | BC54: 68.444 | BD54: 0.058 | BE54: =BA54-BC54 -> 0.219 | BF54: =SQRT((BB54)^2 + (BD54)^2) -> 0.088617154 | BG54: =BF54^2 -> 0.007853 | BH54: 0.2 | BI54: =(BE54-BH54)^2 -> 0.000361
AL55: SUM | AN55: SUM | AV55: 100 ns | AW55: Light Chain | AX55: F90 | AY55: F621 | AZ55: A621 | BA55: -23.031 | BB55: 0.143 | BC55: -24.692 | BD55: 0.067 | BE55: =BA55-BC55 -> 1.661 | BF55: =SQRT((BB55)^2 + (BD55)^2) -> 0.1579177 | BG55: =BF55^2 -> 0.024938 | BH55: -0.87 | BI55: =(BE55-BH55)^2 -> 6.405961
AL56: =SUM(AL38:AL54) -> 1.949656 | AN56: =SUM(AN38:AN54) -> 32.132104 | AV56: 100 ns | AW56: Light Chain | AX56: F92 | AY56: F623 | AZ56: A623 | BA56: -22.321 | BB56: 0.113 | BC56: -24.714 | BD56: 0.24 | BE56: =BA56-BC56 -> 2.393 | BF56: =SQRT((BB56)^2 + (BD56)^2) -> 0.26527156 | BG56: =BF56^2 -> 0.070369 | BH56: 0.83 | BI56: =(BE56-BH56)^2 -> 2.442969
BG57: SUM | BI57: SUM
J58: 5 ns - Without G Sites | AM58: RMSE | AN58: =SQRT(AN56/17) -> 1.3748177 | BG58: =SUM(BG40:BG56) -> 1.738003 | BI58: =SUM(BI40:BI56) -> 29.977425
J59: Time | K59: Chain | L59: Residue Number | M59: Mutation | N59: Alanine | O59: DG-Complex | P59: Uncertainty-Complex | Q59: DG-Antibody | R59: Uncertainty-Antibody | S59: DDG | T59: Uncertainty | U59: Uncertainty^2 | V59: Database | W59: Squared Error | AM59: Uncertainty | AN59: =SQRT(AL56/17) -> 0.33865269
J60: 5 ns | K60: Heavy Chain | L60: L54 | M60: L352 | N60: A352 | O60: 4.809 | P60: 0.269 | Q60: 6.426 | R60: 0.042 | S60: =O60-Q60 -> -1.617 | T60: =SQRT((P60)^2 + (R60)^2) -> 0.27225907 | U60: =T60^2 -> 0.074125 | V60: 0.05 | W60: =(S60-V60)^2 -> 2.778889 | BH60: RMSE | BI60: =SQRT(BI58/17) -> 1.3279224
J61: 5 ns | K61: Heavy Chain | L61: G56 | M61: G354 | N61: A354 | O61: 14.904 | P61: 0.217 | Q61: 12.847 | R61: 0.212 | S61: =O61-Q61 -> 2.057 | T61: =SQRT((P61)^2 + (R61)^2) -> 0.30336941 | U61: =T61^2 -> 0.092033 | V61: 0.35 | W61: =(S61-V61)^2 -> 2.913849 | BH61: Uncertainty | BI61: =SQRT(BG58/17) -> 0.31974282
J62: 5 ns | K62: Heavy Chain | L62: V58 | M62: V356 | N62: A356 | O62: -5.401 | P62: 0.265 | Q62: -5.794 | R62: 0.081 | S62: =O62-Q62 -> 0.393 | T62: =SQRT((P62)^2 + (R62)^2) -> 0.27710287 | U62: =T62^2 -> 0.076786 | V62: 1.25 | W62: =(S62-V62)^2 -> 0.734449 | AA62: 20 ns - Without G Sites
J63: 5 ns | K63: Heavy Chain | L63: S59 | M63: S357 | N63: A357 | O63: -5.068 | P63: 0.162 | Q63: -6.867 | R63: 0.034 | S63: =O63-Q63 -> 1.799 | T63: =SQRT((P63)^2 + (R63)^2) -> 0.16552945 | U63: =T63^2 -> 0.0274 | V63: 1.15 | W63: =(S63-V63)^2 -> 0.421201 | AA63: Time | AB63: Chain | AC63: Residue Number | AD63: Mutation | AE63: Alanine | AF63: DG-Complex | AG63: Uncertainty-Complex | AH63: DG-Antibody | AI63: Uncertainty-Antibody | AJ63: DDG | AK63: Uncertainty | AL63: Uncertainty^2 | AM63: Database | AN63: Squared Error
J64: 5 ns | K64: Heavy Chain | L64: Y60 | M64: Y358 | N64: A358 | O64: -4.972 | P64: 0.233 | Q64: -5.353 | R64: 0.226 | S64: =O64-Q64 -> 0.381 | T64: =SQRT((P64)^2 + (R64)^2) -> 0.32459975 | U64: =T64^2 -> 0.105365 | V64: 0.86 | W64: =(S64-V64)^2 -> 0.229441 | AA64: 100 ns | AB64: Heavy Chain | AC64: W50 | AD64: W348 | AE64: A348 | AF64: -40.854 | AG64: 0.308 | AH64: -42.294 | AI64: 0.098 | AJ64: =AF64-AH64 -> 1.44 | AK64: =SQRT((AG64)^2 + (AI64)^2) -> 0.3232151 | AL64: =AK64^2 -> 0.104468 | AM64: 1.33 | AN64: =(AJ64-AM64)^2 -> 0.0121
J65: 5 ns | K65: Heavy Chain | L65: Q63 | M65: Q361 | N65: A361 | O65: 47.298 | P65: 0.318 | Q65: 46.334 | R65: 0.027 | S65: =O65-Q65 -> 0.964 | T65: =SQRT((P65)^2 + (R65)^2) -> 0.31914417 | U65: =T65^2 -> 0.101853 | V65: 1.11 | W65: =(S65-V65)^2 -> 0.021316 | AA65: 20 ns | AB65: Heavy Chain | AC65: L54 | AD65: L352 | AE65: A352 | AF65: 5.507 | AG65: 0.385 | AH65: 6.383 | AI65: 0.164 | AJ65: =AF65-AH65 -> -0.876 | AK65: =SQRT((AG65)^2 + (AI65)^2) -> 0.41847461 | AL65: =AK65^2 -> 0.175121 | AM65: 0.05 | AN65: =(AJ65-AM65)^2 -> 0.857476
J66: 5 ns | K66: Heavy Chain | L66: Q65 | M66: Q363 | N66: A363 | O66: 47.186 | P66: 0.235 | Q66: 45.956 | R66: 0.065 | S66: =O66-Q66 -> 1.23 | T66: =SQRT((P66)^2 + (R66)^2) -> 0.24382371 | U66: =T66^2 -> 0.05945 | V66: 0.55 | W66: =(S66-V66)^2 -> 0.4624 | AA66: 100 ns | AB66: Heavy Chain | AC66: W55 | AD66: W353 | AE66: A353 | AF66: -39.873 | AG66: 0.339 | AH66: -42.363 | AI66: 0.047 | AJ66: =AF66-AH66 -> 2.49 | AK66: =SQRT((AG66)^2 + (AI66)^2) -> 0.3422426 | AL66: =AK66^2 -> 0.11713 | AM66: 0.76 | AN66: =(AJ66-AM66)^2 -> 2.9929
J67: 5 ns | K67: Heavy Chain | L67: Q76 | M67: Q374 | N67: A374 | O67: 46.653 | P67: 0.089 | Q67: 46.852 | R67: 0.143 | S67: =O67-Q67 -> -0.199 | T67: =SQRT((P67)^2 + (R67)^2) -> 0.16843396 | U67: =T67^2 -> 0.02837 | V67: 0.09 | W67: =(S67-V67)^2 -> 0.083521 | AA67: 20 ns | AB67: Heavy Chain | AC67: G56 | AD67: G354 | AE67: A354 | AF67: 15.722 | AG67: 0.171 | AH67: 13.2 | AI67: 0.107 | AJ67: =AF67-AH67 -> 2.522 | AK67: =SQRT((AG67)^2 + (AI67)^2) -> 0.20171762 | AL67: =AK67^2 -> 0.04069 | AM67: 0.35 | AN67: =(AJ67-AM67)^2 -> 4.717584
J68: 5 ns | K68: Heavy Chain | L68: Y111 | M68: Y409 | N68: A409 | O68: -8.356 | P68: 0.153 | Q68: -7.906 | R68: 0.333 | S68: =O68-Q68 -> -0.45 | T68: =SQRT((P68)^2 + (R68)^2) -> 0.36646692 | U68: =T68^2 -> 0.134298 | V68: 0.83 | W68: =(S68-V68)^2 -> 1.6384 | AA68: 20 ns | AB68: Heavy Chain | AC68: V58 | AD68: V356 | AE68: A356 | AF68: -5.315 | AG68: 0.23 | AH68: -5.753 | AI68: 0.077 | AJ68: =AF68-AH68 -> 0.438 | AK68: =SQRT((AG68)^2 + (AI68)^2) -> 0.2425469 | AL68: =AK68^2 -> 0.058829 | AM68: 1.25 | AN68: =(AJ68-AM68)^2 -> 0.659344 | AV68: 100 ns - Without G Sites
J69: 5 ns | K69: Light Chain | L69: Q27 | M69: Q558 | N69: A558 | O69: 46.568 | P69: 0.137 | Q69: 46.351 | R69: 0.06 | S69: =O69-Q69 -> 0.217 | T69: =SQRT((P69)^2 + (R69)^2) -> 0.1495627 | U69: =T69^2 -> 0.022369 | V69: -0.22 | W69: =(S69-V69)^2 -> 0.190969 | AA69: 20 ns | AB69: Heavy Chain | AC69: S59 | AD69: S357 | AE69: A357 | AF69: -5.461 | AG69: 0.069 | AH69: -6.91 | AI69: 0.045 | AJ69: =AF69-AH69 -> 1.449 | AK69: =SQRT((AG69)^2 + (AI69)^2) -> 0.082377181 | AL69: =AK69^2 -> 0.006786 | AM69: 1.15 | AN69: =(AJ69-AM69)^2 -> 0.089401 | AV69: Time | AW69: Chain | AX69: Residue Number | AY69: Mutation | AZ69: Alanine | BA69: DG-Complex | BB69: Uncertainty-Complex | BC69: DG-Antibody | BD69: Uncertainty-Antibody | BE69: DDG | BF69: Uncertainty | BG69: Uncertainty^2 | BH69: Database | BI69: Squared Error
J70: 5 ns | K70: Light Chain | L70: N30 | M70: N561 | N70: A561 | O70: 68.072 | P70: 0.094 | Q70: 68.706 | R70: 0.115 | S70: =O70-Q70 -> -0.634 | T70: =SQRT((P70)^2 + (R70)^2) -> 0.14852946 | U70: =T70^2 -> 0.022061 | V70: 0.2 | W70: =(S70-V70)^2 -> 0.695556 | AA70: 20 ns | AB70: Heavy Chain | AC70: Y60 | AD70: Y358 | AE70: A358 | AF70: -5.761 | AG70: 0.127 | AH70: -5.878 | AI70: 0.345 | AJ70: =AF70-AH70 -> 0.117 | AK70: =SQRT((AG70)^2 + (AI70)^2) -> 0.36763297 | AL70: =AK70^2 -> 0.135154 | AM70: 0.86 | AN70: =(AJ70-AM70)^2 -> 0.552049 | AV70: 100 ns | AW70: Heavy Chain | AX70: W50 | AY70: W348 | AZ70: A348 | BA70: -40.854 | BB70: 0.308 | BC70: -42.294 | BD70: 0.098 | BE70: =BA70-BC70 -> 1.44 | BF70: =SQRT((BB70)^2 + (BD70)^2) -> 0.3232151 | BG70: =BF70^2 -> 0.104468 | BH70: 1.33 | BI70: =(BE70-BH70)^2 -> 0.0121
U71: SUM | W71: SUM | AA71: 20 ns | AB71: Heavy Chain | AC71: Q63 | AD71: Q361 | AE71: A361 | AF71: 47.467 | AG71: 0.094 | AH71: 46.307 | AI71: 0.044 | AJ71: =AF71-AH71 -> 1.16 | AK71: =SQRT((AG71)^2 + (AI71)^2) -> 0.10378825 | AL71: =AK71^2 -> 0.010772 | AM71: 1.11 | AN71: =(AJ71-AM71)^2 -> 0.0025 | AV71: 100 ns | AW71: Heavy Chain | AX71: L54 | AY71: L352 | AZ71: A352 | BA71: 5.885 | BB71: 0.308 | BC71: 6.095 | BD71: 0.059 | BE71: =BA71-BC71 -> -0.21 | BF71: =SQRT((BB71)^2 + (BD71)^2) -> 0.31360006 | BG71: =BF71^2 -> 0.098345 | BH71: 0.05 | BI71: =(BE71-BH71)^2 -> 0.0676
U72: =SUM(U60:U70) -> 0.74411 | W72: =SUM(W60:W70) -> 10.169991 | AA72: 20 ns | AB72: Heavy Chain | AC72: Q65 | AD72: Q363 | AE72: A363 | AF72: 46.467 | AG72: 0.204 | AH72: 45.91 | AI72: 0.047 | AJ72: =AF72-AH72 -> 0.557 | AK72: =SQRT((AG72)^2 + (AI72)^2) -> 0.20934421 | AL72: =AK72^2 -> 0.043825 | AM72: 0.55 | AN72: =(AJ72-AM72)^2 -> 4.9e-05 | AV72: 100 ns | AW72: Heavy Chain | AX72: W55 | AY72: W353 | AZ72: A353 | BA72: -39.873 | BB72: 0.339 | BC72: -42.363 | BD72: 0.047 | BE72: =BA72-BC72 -> 2.49 | BF72: =SQRT((BB72)^2 + (BD72)^2) -> 0.3422426 | BG72: =BF72^2 -> 0.11713 | BH72: 0.76 | BI72: =(BE72-BH72)^2 -> 2.9929
AA73: 20 ns | AB73: Heavy Chain | AC73: Q76 | AD73: Q374 | AE73: A374 | AF73: 46.451 | AG73: 0.059 | AH73: 46.647 | AI73: 0.035 | AJ73: =AF73-AH73 -> -0.196 | AK73: =SQRT((AG73)^2 + (AI73)^2) -> 0.068600292 | AL73: =AK73^2 -> 0.004706 | AM73: 0.09 | AN73: =(AJ73-AM73)^2 -> 0.081796 | AV73: 100 ns | AW73: Heavy Chain | AX73: G56 | AY73: G354 | AZ73: A354 | BA73: 15.317 | BB73: 0.129 | BC73: 13.378 | BD73: 0.045 | BE73: =BA73-BC73 -> 1.939 | BF73: =SQRT((BB73)^2 + (BD73)^2) -> 0.13662357 | BG73: =BF73^2 -> 0.018666 | BH73: 0.35 | BI73: =(BE73-BH73)^2 -> 2.524921
V74: RMSE | W74: =SQRT(W72/11) -> 0.96153244 | AA74: 20 ns | AB74: Heavy Chain | AC74: Y111 | AD74: Y409 | AE74: A409 | AF74: -8.458 | AG74: 0.1 | AH74: -8.694 | AI74: 0.131 | AJ74: =AF74-AH74 -> 0.236 | AK74: =SQRT((AG74)^2 + (AI74)^2) -> 0.16480595 | AL74: =AK74^2 -> 0.027161 | AM74: 0.83 | AN74: =(AJ74-AM74)^2 -> 0.352836 | AV74: 100 ns | AW74: Heavy Chain | AX74: V58 | AY74: V356 | AZ74: A356 | BA74: -5.338 | BB74: 0.11 | BC74: -5.745 | BD74: 0.029 | BE74: =BA74-BC74 -> 0.407 | BF74: =SQRT((BB74)^2 + (BD74)^2) -> 0.11375852 | BG74: =BF74^2 -> 0.012941 | BH74: 1.25 | BI74: =(BE74-BH74)^2 -> 0.710649
V75: Uncertainty | W75: =SQRT(U72/11) -> 0.26008915 | AA75: 20 ns | AB75: Light Chain | AC75: Q27 | AD75: Q558 | AE75: A558 | AF75: 46.144 | AG75: 0.061 | AH75: 46.199 | AI75: 0.114 | AJ75: =AF75-AH75 -> -0.055 | AK75: =SQRT((AG75)^2 + (AI75)^2) -> 0.12929424 | AL75: =AK75^2 -> 0.016717 | AM75: -0.22 | AN75: =(AJ75-AM75)^2 -> 0.027225 | AV75: 100 ns | AW75: Heavy Chain | AX75: S59 | AY75: S357 | AZ75: A357 | BA75: -5.589 | BB75: 0.156 | BC75: -7.125 | BD75: 0.09 | BE75: =BA75-BC75 -> 1.536 | BF75: =SQRT((BB75)^2 + (BD75)^2) -> 0.18009997 | BG75: =BF75^2 -> 0.032436 | BH75: 1.15 | BI75: =(BE75-BH75)^2 -> 0.148996
AA76: 20 ns | AB76: Light Chain | AC76: N30 | AD76: N561 | AE76: A561 | AF76: 68.542 | AG76: 0.056 | AH76: 68.394 | AI76: 0.093 | AJ76: =AF76-AH76 -> 0.148 | AK76: =SQRT((AG76)^2 + (AI76)^2) -> 0.10855874 | AL76: =AK76^2 -> 0.011785 | AM76: 0.2 | AN76: =(AJ76-AM76)^2 -> 0.002704 | AV76: 100 ns | AW76: Heavy Chain | AX76: Y60 | AY76: Y358 | AZ76: A358 | BA76: -6.017 | BB76: 0.253 | BC76: -6.242 | BD76: 0.157 | BE76: =BA76-BC76 -> 0.225 | BF76: =SQRT((BB76)^2 + (BD76)^2) -> 0.29775493 | BG76: =BF76^2 -> 0.088658 | BH76: 0.86 | BI76: =(BE76-BH76)^2 -> 0.403225
AL77: SUM | AN77: SUM | AV77: 100 ns | AW77: Heavy Chain | AX77: Q63 | AY77: Q361 | AZ77: A361 | BA77: 46.832 | BB77: 0.127 | BC77: 46.287 | BD77: 0.031 | BE77: =BA77-BC77 -> 0.545 | BF77: =SQRT((BB77)^2 + (BD77)^2) -> 0.13072873 | BG77: =BF77^2 -> 0.01709 | BH77: 1.11 | BI77: =(BE77-BH77)^2 -> 0.319225
AL78: =SUM(AL64:AL76) -> 0.753144 | AN78: =SUM(AN64:AN76) -> 10.347964 | AV78: 100 ns | AW78: Heavy Chain | AX78: Q65 | AY78: Q363 | AZ78: A363 | BA78: 46.542 | BB78: 0.132 | BC78: 45.903 | BD78: 0.066 | BE78: =BA78-BC78 -> 0.639 | BF78: =SQRT((BB78)^2 + (BD78)^2) -> 0.14758049 | BG78: =BF78^2 -> 0.02178 | BH78: 0.55 | BI78: =(BE78-BH78)^2 -> 0.007921
AV79: 100 ns | AW79: Heavy Chain | AX79: Q76 | AY79: Q374 | AZ79: A374 | BA79: 46.751 | BB79: 0.057 | BC79: 46.564 | BD79: 0.028 | BE79: =BA79-BC79 -> 0.187 | BF79: =SQRT((BB79)^2 + (BD79)^2) -> 0.063505905 | BG79: =BF79^2 -> 0.004033 | BH79: 0.09 | BI79: =(BE79-BH79)^2 -> 0.009409
AM80: RMSE | AN80: =SQRT(AN78/13) -> 0.89218677 | AV80: 100 ns | AW80: Heavy Chain | AX80: Y111 | AY80: Y409 | AZ80: A409 | BA80: -8.738 | BB80: 0.091 | BC80: -8.655 | BD80: 0.035 | BE80: =BA80-BC80 -> -0.083 | BF80: =SQRT((BB80)^2 + (BD80)^2) -> 0.097498718 | BG80: =BF80^2 -> 0.009506 | BH80: 0.83 | BI80: =(BE80-BH80)^2 -> 0.833569
AM81: Uncertainty | AN81: =SQRT(AL78/13) -> 0.24069515 | AV81: 100 ns | AW81: Light Chain | AX81: Q27 | AY81: Q558 | AZ81: A558 | BA81: 46.196 | BB81: 0.067 | BC81: 46.013 | BD81: 0.064 | BE81: =BA81-BC81 -> 0.183 | BF81: =SQRT((BB81)^2 + (BD81)^2) -> 0.092655275 | BG81: =BF81^2 -> 0.008585 | BH81: -0.22 | BI81: =(BE81-BH81)^2 -> 0.162409
AV82: 100 ns | AW82: Light Chain | AX82: N30 | AY82: N561 | AZ82: A561 | BA82: 68.663 | BB82: 0.067 | BC82: 68.444 | BD82: 0.058 | BE82: =BA82-BC82 -> 0.219 | BF82: =SQRT((BB82)^2 + (BD82)^2) -> 0.088617154 | BG82: =BF82^2 -> 0.007853 | BH82: 0.2 | BI82: =(BE82-BH82)^2 -> 0.000361
BG83: SUM | BI83: SUM
BG84: =SUM(BG70:BG82) -> 0.541491 | BI84: =SUM(BI70:BI82) -> 8.193285
BH86: RMSE | BI86: =SQRT(BI84/13) -> 0.79388456
BH87: Uncertainty | BI87: =SQRT(BG84/13) -> 0.20409104

Sheet Truncated VRC-PG04
A1: VRC-PG04 Light Chain | B1: VRC-PG04 Homology Model Light Chain | C1: ∆∆G (Kcal/mol) | D1: VRC-PG04 Heavy Chain | E1: VRC-PG04 Homology Model Heavy Chain | F1: ∆∆G (Kcal/mol) | J1: 5 ns - Heavy Chain | AA1: 20 ns - Heavy Chain | AV1: 100 ns - Heavy Chain
A2: V3 | B2: 526 | C2: -0.51 | D2: L34 | E2: 332 | F2: 0.57 | J2: Time | K2: Chain | L2: Residue Number | M2: Mutation | N2: Alanine | O2: DG-Complex | P2: Uncertainty-Complex | Q2: DG-Antibody | R2: Uncertainty-Antibody | S2: DDG | T2: Uncertainty | U2: Uncertainty^2 | V2: Database | W2: Squared Error | X2: Convergence Status | AA2: Time | AB2: Chain | AC2: Residue Number | AD2: Mutation | AE2: Alanine | AF2: DG-Complex | AG2: Uncertainty-Complex | AH2: DG-Antibody | AI2: Uncertainty-Antibody | AJ2: DDG | AK2: Uncertainty | AL2: Uncertainty^2 | AM2: Database | AN2: Squared Error | AO2: Convergence Status | AV2: Time | AW2: Chain | AX2: Residue Number | AY2: Mutation | AZ2: Alanine | BA2: DG-Complex | BB2: Uncertainty-Complex | BC2: DG-Antibody | BD2: Uncertainty-Antibody | BE2: DDG | BF2: Uncertainty | BG2: Uncertainty^2 | BH2: Database | BI2: Squared Error | BJ2: Convergence Status
A3: Y30 | B3: 551 | C3: 1.13 | D3: W47 | E3: 346 | F3: 1.07 | J3: 5 ns | K3: Heavy Chain | L3: W50 | M3: W349 | N3: A349 | O3: -37.261 | P3: 0.487 | Q3: -42.449 | R3: 0.443 | S3: =O3-Q3 -> 5.188 | T3: =SQRT((P3)^2 + (R3)^2) -> 0.65834489 | U3: =T3^2 -> 0.433418 | V3: 1.53 | W3: =(S3-V3)^2 -> 13.380964 | X3: Converged | AA3: 20 ns | AB3: Heavy Chain | AC3: L34 | AD3: L332 | AE3: A332 | AF3: 4.749 | AG3: 0.398 | AH3: 2.624 | AI3: 0.248 | AJ3: =AF3-AH3 -> 2.125 | AK3: =SQRT((AG3)^2 + (AI3)^2) -> 0.46894349 | AL3: =AK3^2 -> 0.219908 | AM3: 0.57 | AN3: =(AJ3-AM3)^2 -> 2.418025 | AO3: Both Sides Converged after 1st 20 ns | AV3: 100 ns | AW3: Heavy Chain | AX3: L34 | AY3: L332 | AZ3: A332 | BA3: 5.277 | BB3: 0.12 | BC3: 2.081 | BD3: 0.141 | BE3: 3.196 | BF3: 0.18515129 | BG3: 0.034281 | BH3: 0.57 | BI3: 6.895876 | BJ3: Both Sides Converged after 1st 100 ns
A4: G31 | B4: 552 | C4: 0.47 | D4: W50 | E4: 349 | F4: 1.53 | J4: 5 ns | K4: Heavy Chain | L4: V52B | M4: V353 | N4: A353 | O4: -3.988 | P4: 0.158 | Q4: -3.817 | R4: 0.049 | S4: =O4-Q4 -> -0.171 | T4: =SQRT((P4)^2 + (R4)^2) -> 0.1654237 | U4: =T4^2 -> 0.027365 | V4: -0.82 | W4: =(S4-V4)^2 -> 0.421201 | X4: Converged | AA4: 100 ns | AB4: Heavy Chain | AC4: W47 | AD4: W346 | AE4: A346 | AF4: -38.622 | AG4: 0.701 | AH4: -40.955 | AI4: 0.219 | AJ4: =AF4-AH4 -> 2.333 | AK4: =SQRT((AG4)^2 + (AI4)^2) -> 0.73441269 | AL4: =AK4^2 -> 0.539362 | AM4: 1.07 | AN4: =(AJ4-AM4)^2 -> 1.595169 | AO4: Average of thrid and 4th 100 ns for Complex, Antibody Converged after 1st 100 ns | AV4: 100 ns | AW4: Heavy Chain | AX4: W47 | AY4: W346 | AZ4: A346 | BA4: -38.622 | BB4: 0.701 | BC4: -40.955 | BD4: 0.219 | BE4: 2.333 | BF4: 0.73441269 | BG4: 0.539362 | BH4: 1.07 | BI4: 1.595169 | BJ4: Average of thrid and 4th 100 ns for Complex, Antibody Converged after 1st 100 ns
A5: L91 | B5: 612 | C5: 0.97 | D5: V52B | E5: 353 | F5: -0.82 | J5: 5 ns | K5: Heavy Chain | L5: T53 | M5: T354 | N5: A354 | O5: 12.399 | P5: 0.324 | Q5: 12.984 | R5: 0.038 | S5: =O5-Q5 -> -0.585 | T5: =SQRT((P5)^2 + (R5)^2) -> 0.32622078 | U5: =T5^2 -> 0.10642 | V5: -0.85 | W5: =(S5-V5)^2 -> 0.070225 | X5: Converged | AA5: 100 ns | AB5: Heavy Chain | AC5: W50 | AD5: W349 | AE5: A349 | AF5: -41.331 | AG5: 0.258 | AH5: -43.83 | AI5: 0.17 | AJ5: =AF5-AH5 -> 2.499 | AK5: =SQRT((AG5)^2 + (AI5)^2) -> 0.30897249 | AL5: =AK5^2 -> 0.095464 | AM5: 1.53 | AN5: =(AJ5-AM5)^2 -> 0.938961 | AO5: Average of 1st to third 100 ns for Complex, Antibody Converegd after 1st 100 ns | AV5: 100 ns | AW5: Heavy Chain | AX5: W50 | AY5: W349 | AZ5: A349 | BA5: -41.331 | BB5: 0.258 | BC5: -43.83 | BD5: 0.17 | BE5: 2.499 | BF5: 0.30897249 | BG5: 0.095464 | BH5: 1.53 | BI5: 0.938961 | BJ5: Average of 1st to third 100 ns for Complex, Antibody Converegd after 1st 100 ns
A6: F97 | B6: 614 | C6: 0.02 | D6: T53 | E6: 354 | F6: -0.85 | J6: 5 ns | K6: Heavy Chain | L6: G54 | M6: G355 | N6: A355 | O6: 16.52 | P6: 0.1 | Q6: 13.998 | R6: 0.055 | S6: =O6-Q6 -> 2.522 | T6: =SQRT((P6)^2 + (R6)^2) -> 0.11412712 | U6: =T6^2 -> 0.013025 | V6: 0.46 | W6: =(S6-V6)^2 -> 4.251844 | X6: Converged | AA6: 20 ns | AB6: Heavy Chain | AC6: V52B | AD6: W353 | AE6: S353 | AF6: -4.309 | AG6: 0.234 | AH6: -4.296 | AI6: 0.048 | AJ6: =AF6-AH6 -> -0.013 | AK6: =SQRT((AG6)^2 + (AI6)^2) -> 0.23887235 | AL6: =AK6^2 -> 0.05706 | AM6: -0.82 | AN6: =(AJ6-AM6)^2 -> 0.651249 | AO6: Both Sides Converged after 1st 20 ns | AV6: 100 ns | AW6: Heavy Chain | AX6: V52B | AY6: W353 | AZ6: S353 | BA6: -4.388 | BB6: 0.133 | BC6: -4.789 | BD6: 0.11 | BE6: 0.401 | BF6: 0.1725949 | BG6: 0.029789 | BH6: -0.82 | BI6: 1.490841 | BJ6: Both Sides Converged after 1st 100 ns
D7: G54 | E7: 355 | F7: 0.46 | J7: 5 ns | K7: Heavy Chain | L7: V56 | M7: V357 | N7: A357 | O7: -4.077 | P7: 0.14 | Q7: -5.017 | R7: 0.035 | S7: =O7-Q7 -> 0.94 | T7: =SQRT((P7)^2 + (R7)^2) -> 0.1443087 | U7: =T7^2 -> 0.020825 | V7: 0.99 | W7: =(S7-V7)^2 -> 0.0025 | X7: Converged | AA7: 20 ns | AB7: Heavy Chain | AC7: T53 | AD7: T354 | AE7: A354 | AF7: 12.283 | AG7: 0.18 | AH7: 12.985 | AI7: 0.034 | AJ7: =AF7-AH7 -> -0.702 | AK7: =SQRT((AG7)^2 + (AI7)^2) -> 0.18318297 | AL7: =AK7^2 -> 0.033556 | AM7: -0.85 | AN7: =(AJ7-AM7)^2 -> 0.021904 | AO7: Both Sides Converged after 1st 20 ns | AV7: 100 ns | AW7: Heavy Chain | AX7: T53 | AY7: T354 | AZ7: A354 | BA7: 12.905 | BB7: 0.277 | BC7: 12.784 | BD7: 0.171 | BE7: 0.121 | BF7: 0.32553034 | BG7: 0.10597 | BH7: -0.85 | BI7: 0.942841 | BJ7: Both Sides Converged after 1st 100 ns
D8: V56 | E8: 357 | F8: 0.99 | J8: 5 ns | K8: Heavy Chain | L8: N57 | M8: N358 | N8: A358 | O8: 71.562 | P8: 0.393 | Q8: 69.636 | R8: 0.072 | S8: =O8-Q8 -> 1.926 | T8: =SQRT((P8)^2 + (R8)^2) -> 0.39954099 | U8: =T8^2 -> 0.159633 | V8: 1.53 | W8: =(S8-V8)^2 -> 0.156816 | X8: Converged | AA8: 20 ns | AB8: Heavy Chain | AC8: G54 | AD8: G355 | AE8: A355 | AF8: 16.119 | AG8: 0.214 | AH8: 13.843 | AI8: 0.093 | AJ8: =AF8-AH8 -> 2.276 | AK8: =SQRT((AG8)^2 + (AI8)^2) -> 0.23333452 | AL8: =AK8^2 -> 0.054445 | AM8: 0.46 | AN8: =(AJ8-AM8)^2 -> 3.297856 | AO8: Both Sides Converged after 1st 20 ns | AV8: 100 ns | AW8: Heavy Chain | AX8: G54 | AY8: G355 | AZ8: A355 | BA8: 16.305 | BB8: 0.181 | BC8: 13.923 | BD8: 0.042 | BE8: 2.382 | BF8: 0.18580904 | BG8: 0.034525 | BH8: 0.46 | BI8: 3.694084 | BJ8: Both Sides Converged after 1st 100 ns
D9: N57 | E9: 358 | F9: 1.53 | J9: 5 ns | K9: Heavy Chain | L9: Y98 | M9: Y402 | N9: A402 | O9: -8.318 | P9: 0.301 | Q9: -8.648 | R9: 0.224 | S9: =O9-Q9 -> 0.33 | T9: =SQRT((P9)^2 + (R9)^2) -> 0.37520261 | U9: =T9^2 -> 0.140777 | V9: 0.47 | W9: =(S9-V9)^2 -> 0.0196 | X9: Converged | AA9: 20 ns | AB9: Heavy Chain | AC9: V56 | AD9: V357 | AE9: A357 | AF9: -4.789 | AG9: 0.093 | AH9: -4.982 | AI9: 0.019 | AJ9: =AF9-AH9 -> 0.193 | AK9: =SQRT((AG9)^2 + (AI9)^2) -> 0.09492102 | AL9: =AK9^2 -> 0.00901 | AM9: 0.99 | AN9: =(AJ9-AM9)^2 -> 0.635209 | AO9: Both Sides Converged after 1st 20 ns | AV9: 100 ns | AW9: Heavy Chain | AX9: V56 | AY9: V357 | AZ9: A357 | BA9: -4.821 | BB9: 0.153 | BC9: -5.066 | BD9: 0.04 | BE9: 0.245 | BF9: 0.15814234 | BG9: 0.025009 | BH9: 0.99 | BI9: 0.555025 | BJ9: Both Sides Converged after 1st 100 ns
D10: G59 | E10: 360 | F10: 0.06 | J10: 5 ns | K10: Heavy Chain | L10: T99 | M10: T403 | N10: A403 | O10: 10.29 | P10: 0.211 | Q10: 10.589 | R10: 0.14 | S10: =O10-Q10 -> -0.299 | T10: =SQRT((P10)^2 + (R10)^2) -> 0.25322125 | U10: =T10^2 -> 0.064121 | V10: -0.43 | W10: =(S10-V10)^2 -> 0.017161 | X10: Converged | AA10: 20 ns | AB10: Heavy Chain | AC10: N57 | AD10: N358 | AE10: A358 | AF10: 70.179 | AG10: 0.241 | AH10: 69.418 | AI10: 0.04 | AJ10: =AF10-AH10 -> 0.761 | AK10: =SQRT((AG10)^2 + (AI10)^2) -> 0.24429695 | AL10: =AK10^2 -> 0.059681 | AM10: 1.53 | AN10: =(AJ10-AM10)^2 -> 0.591361 | AO10: 2nd 20 ns for Complex, 1st 20 ns for antibody | AV10: 100 ns | AW10: Heavy Chain | AX10: N57 | AY10: N358 | AZ10: A358 | BA10: 69.619 | BB10: 0.185 | BC10: 69.455 | BD10: 0.046 | BE10: 0.164 | BF10: 0.19063316 | BG10: 0.036341 | BH10: 1.53 | BI10: 1.865956 | BJ10: Both Sides Converged after 1st 100 ns
D11: Y98 | E11: 402 | F11: 0.47 | J11: 5 ns | K11: Heavy Chain | L11: G100 | M11: G404 | N11: A404 | O11: 13.407 | P11: 0.134 | Q11: 12.718 | R11: 0.216 | S11: =O11-Q11 -> 0.689 | T11: =SQRT((P11)^2 + (R11)^2) -> 0.25418891 | U11: =T11^2 -> 0.064612 | V11: -0.27 | W11: =(S11-V11)^2 -> 0.919681 | X11: Converged | AA11: 20 ns | AB11: Heavy Chain | AC11: G59 | AD11: G360 | AE11: A360 | AF11: 11.674 | AG11: 0.111 | AH11: 12.246 | AI11: 0.173 | AJ11: =AF11-AH11 -> -0.572 | AK11: =SQRT((AG11)^2 + (AI11)^2) -> 0.20554805 | AL11: =AK11^2 -> 0.04225 | AM11: 0.06 | AN11: =(AJ11-AM11)^2 -> 0.399424 | AO11: Both Sides Converged after 1st 20 ns | AV11: 100 ns | AW11: Heavy Chain | AX11: G59 | AY11: G360 | AZ11: A360 | BA11: 11.676 | BB11: 0.052 | BC11: 12.621 | BD11: 0.145 | BE11: -0.945 | BF11: 0.1540422 | BG11: 0.023729 | BH11: 0.06 | BI11: 1.010025 | BJ11: Both Sides Converged after 1st 100 ns
D12: T99 | E12: 403 | F12: -0.43 | J12: 5 ns | K12: Heavy Chain | L12: G100A | M12: G405 | N12: A405 | O12: 10.347 | P12: 0.036 | Q12: 11.186 | R12: 0.054 | S12: =O12-Q12 -> -0.839 | T12: =SQRT((P12)^2 + (R12)^2) -> 0.064899923 | U12: =T12^2 -> 0.004212 | V12: -0.63 | W12: =(S12-V12)^2 -> 0.043681 | X12: Converged | AA12: 20 ns | AB12: Heavy Chain | AC12: Y98 | AD12: Y402 | AE12: A402 | AF12: -7.727 | AG12: 0.343 | AH12: -8.286 | AI12: 0.099 | AJ12: =AF12-AH12 -> 0.559 | AK12: =SQRT((AG12)^2 + (AI12)^2) -> 0.3570014 | AL12: =AK12^2 -> 0.12745 | AM12: 0.47 | AN12: =(AJ12-AM12)^2 -> 0.007921 | AO12: Both Sides Converged after 1st 20 ns | AV12: 100 ns | AW12: Heavy Chain | AX12: Y98 | AY12: Y402 | AZ12: A402 | BA12: -7.165 | BB12: 0.252 | BC12: -8.442 | BD12: 0.109 | BE12: 1.277 | BF12: 0.27456329 | BG12: 0.075385 | BH12: 0.47 | BI12: 0.651249 | BJ12: Both Sides Converged after 1st 100 ns
B13: Shown highlighted as below | D13: G100 | E13: 404 | F13: -0.27 | J13: 5 ns | K13: Heavy Chain | L13: G100C | M13: G407 | N13: A407 | O13: 15.09 | P13: 0.11 | Q13: 14.745 | R13: 0.087 | S13: =O13-Q13 -> 0.345 | T13: =SQRT((P13)^2 + (R13)^2) -> 0.14024621 | U13: =T13^2 -> 0.019669 | V13: 0.19 | W13: =(S13-V13)^2 -> 0.024025 | X13: Converged | AA13: 20 ns | AB13: Heavy Chain | AC13: T99 | AD13: T403 | AE13: A403 | AF13: 11.613 | AG13: 0.127 | AH13: 10.423 | AI13: 0.135 | AJ13: =AF13-AH13 -> 1.19 | AK13: =SQRT((AG13)^2 + (AI13)^2) -> 0.18534832 | AL13: =AK13^2 -> 0.034354 | AM13: -0.43 | AN13: =(AJ13-AM13)^2 -> 2.6244 | AO13: Both Sides Converged after 1st 20 ns | AV13: 100 ns | AW13: Heavy Chain | AX13: T99 | AY13: T403 | AZ13: A403 | BA13: 10.812 | BB13: 0.11 | BC13: 10.672 | BD13: 0.088 | BE13: 0.14 | BF13: 0.14086873 | BG13: 0.019844 | BH13: -0.43 | BI13: 0.3249 | BJ13: Both Sides Converged after 1st 100 ns
A14: Glycan Contact Residues | D14: G100A | E14: 405 | F14: -0.63 | U14: SUM | W14: SUM | AA14: 100 ns | AB14: Heavy Chain | AC14: G100 | AD14: G404 | AE14: A404 | AF14: 13.137 | AG14: 0.168 | AH14: 12.03 | AI14: 0.122 | AJ14: =AF14-AH14 -> 1.107 | AK14: =SQRT((AG14)^2 + (AI14)^2) -> 0.20762466 | AL14: =AK14^2 -> 0.043108 | AM14: -0.27 | AN14: =(AJ14-AM14)^2 -> 1.896129 | AO14: Both Sides Converged after 1st 100 ns | AV14: 100 ns | AW14: Heavy Chain | AX14: G100 | AY14: G404 | AZ14: A404 | BA14: 13.137 | BB14: 0.168 | BC14: 12.03 | BD14: 0.122 | BE14: 1.107 | BF14: 0.20762466 | BG14: 0.043108 | BH14: -0.27 | BI14: 1.896129 | BJ14: Both Sides Converged after 1st 100 ns
D15: G100C | E15: 407 | F15: 0.19 | U15: =SUM(U3:U13) -> 1.054077 | W15: =SUM(W3:W13) -> 19.307698 | AA15: 100 ns | AB15: Heavy Chain | AC15: G100A | AD15: G405 | AE15: A405 | AF15: 10.42 | AG15: 0.05 | AH15: 11.746 | AI15: 0.171 | AJ15: =AF15-AH15 -> -1.326 | AK15: =SQRT((AG15)^2 + (AI15)^2) -> 0.17816004 | AL15: =AK15^2 -> 0.031741 | AM15: -0.63 | AN15: =(AJ15-AM15)^2 -> 0.484416 | AO15: Both Sides Converged after 1st 100 ns | AV15: 100 ns | AW15: Heavy Chain | AX15: G100A | AY15: G405 | AZ15: A405 | BA15: 10.42 | BB15: 0.05 | BC15: 11.746 | BD15: 0.171 | BE15: -1.326 | BF15: 0.17816004 | BG15: 0.031741 | BH15: -0.63 | BI15: 0.484416 | BJ15: Both Sides Converged after 1st 100 ns
AA16: 100 ns | AB16: Heavy Chain | AC16: G100C | AD16: G407 | AE16: A407 | AF16: 14.385 | AG16: 0.055 | AH16: 14.123 | AI16: 0.159 | AJ16: =AF16-AH16 -> 0.262 | AK16: =SQRT((AG16)^2 + (AI16)^2) -> 0.16824387 | AL16: =AK16^2 -> 0.028306 | AM16: 0.19 | AN16: =(AJ16-AM16)^2 -> 0.005184 | AO16: Both Sides Converged after 1st 100 ns | AV16: 100 ns | AW16: Heavy Chain | AX16: G100C | AY16: G407 | AZ16: A407 | BA16: 14.385 | BB16: 0.055 | BC16: 14.123 | BD16: 0.159 | BE16: 0.262 | BF16: 0.16824387 | BG16: 0.028306 | BH16: 0.19 | BI16: 0.005184 | BJ16: Both Sides Converged after 1st 100 ns
V17: RMSE | W17: =SQRT(W15/11) -> 1.3248567 | AL17: SUM | AN17: SUM | BG17: SUM | BI17: SUM
V18: Uncertainty | W18: =SQRT(U15/11) -> 0.30955643 | AL18: =SUM(AL3:AL16) -> 1.375695 | AN18: =SUM(AN3:AN16) -> 15.567208 | BG18: =SUM(BG3:BG16) -> 1.122854 | BI18: =SUM(BI3:BI16) -> 22.350656
J20: 5 ns - Light Chain | AM20: RMSE | AN20: =SQRT(AN18/14) -> 1.0544873 | BH20: RMSE | BI20: =SQRT(BI18/14) -> 1.2635171
J21: Time | K21: Chain | L21: Residue Number | M21: Mutation | N21: Alanine | O21: DG-Complex | P21: Uncertainty-Complex | Q21: DG-Antibody | R21: Uncertainty-Antibody | S21: DDG | T21: Uncertainty | U21: Uncertainty^2 | V21: Database | W21: Squared Error | X21: Convergence Status | AM21: Uncertainty | AN21: =SQRT(AL18/14) -> 0.31347078 | BH21: Uncertainty | BI21: =SQRT(BG18/14) -> 0.28320286
J22: 5 ns | K22: Light Chain | L22: V3 | M22: V526 | N22: A526 | O22: -5.997 | P22: 0.135 | Q22: -5.052 | R22: 0.174 | S22: =O22-Q22 -> -0.945 | T22: =SQRT((P22)^2 + (R22)^2) -> 0.22022943 | U22: =T22^2 -> 0.048501 | V22: -0.51 | W22: =(S22-V22)^2 -> 0.189225 | X22: Converged
J23: 5 ns | K23: Light Chain | L23: Y30 | M23: Y551 | N23: A551 | O23: -8.521 | P23: 0.133 | Q23: -8.058 | R23: 0.129 | S23: =O23-Q23 -> -0.463 | T23: =SQRT((P23)^2 + (R23)^2) -> 0.18528357 | U23: =T23^2 -> 0.03433 | V23: 1.13 | W23: =(S23-V23)^2 -> 2.537649 | X23: Converged | AV23: 100 ns - Light Chain
J24: 5 ns | K24: Light Chain | L24: G31 | M24: G552 | N24: A552 | O24: 11.65 | P24: 0.18 | Q24: 11.927 | R24: 0.144 | S24: =O24-Q24 -> -0.277 | T24: =SQRT((P24)^2 + (R24)^2) -> 0.23051247 | U24: =T24^2 -> 0.053136 | V24: 0.47 | W24: =(S24-V24)^2 -> 0.558009 | X24: Converged | AV24: Time | AW24: Chain | AX24: Residue Number | AY24: Mutation | AZ24: Alanine | BA24: DG-Complex | BB24: Uncertainty-Complex | BC24: DG-Antibody | BD24: Uncertainty-Antibody | BE24: DDG | BF24: Uncertainty | BG24: Uncertainty^2 | BH24: Database | BI24: Squared Error | BJ24: Convergence Status
J25: 5 ns | K25: Light Chain | L25: L91 | M25: L612 | N25: A612 | O25: 7.626 | P25: 0.152 | Q25: 6.199 | R25: 0.103 | S25: =O25-Q25 -> 1.427 | T25: =SQRT((P25)^2 + (R25)^2) -> 0.183611 | U25: =T25^2 -> 0.033713 | V25: 0.97 | W25: =(S25-V25)^2 -> 0.208849 | X25: Converged | AV25: 100 ns | AW25: Light Chain | AX25: V3 | AY25: V526 | AZ25: A526 | BA25: -5.304 | BB25: 0.068 | BC25: -5.25 | BD25: 0.032 | BE25: =(BA25-BC25) -> -0.054 | BF25: =SQRT((BB25)^2 + (BD25)^2) -> 0.075153177 | BG25: =BF25^2 -> 0.005648 | BH25: -0.51 | BI25: =(BE25-BH25)^2 -> 0.207936 | BJ25: Both Sides Converged after 1st 100 ns
J26: 5 ns | K26: Light Chain | L26: F97 | M26: F614 | N26: A614 | O26: -23.917 | P26: 0.103 | Q26: -24.192 | R26: 0.177 | S26: =O26-Q26 -> 0.275 | T26: =SQRT((P26)^2 + (R26)^2) -> 0.20478769 | U26: =T26^2 -> 0.041938 | V26: 0.02 | W26: =(S26-V26)^2 -> 0.065025 | X26: Converged | AV26: 100 ns | AW26: Light Chain | AX26: Y30 | AY26: Y551 | AZ26: A551 | BA26: -8.881 | BB26: 0.043 | BC26: -8.964 | BD26: 0.043 | BE26: =(BA26-BC26) -> 0.083 | BF26: =SQRT((BB26)^2 + (BD26)^2) -> 0.060811183 | BG26: =BF26^2 -> 0.003698 | BH26: 1.13 | BI26: =(BE26-BH26)^2 -> 1.096209 | BJ26: Both Sides Converged after 1st 100 ns
U27: SUM | W27: SUM | AV27: 100 ns | AW27: Light Chain | AX27: G31 | AY27: G552 | AZ27: A552 | BA27: 12.08 | BB27: 0.26 | BC27: 11.585 | BD27: 0.122 | BE27: =(BA27-BC27) -> 0.495 | BF27: =SQRT((BB27)^2 + (BD27)^2) -> 0.28720028 | BG27: =BF27^2 -> 0.082484 | BH27: 0.47 | BI27: =(BE27-BH27)^2 -> 0.000625 | BJ27: Both Sides Converged after 1st 100 ns
U28: =SUM(U22:U26) -> 0.211618 | W28: =SUM(W22:W26) -> 3.558757 | AA28: 20 ns - Light Chain | AV28: 100 ns | AW28: Light Chain | AX28: L91 | AY28: L612 | AZ28: A612 | BA28: 7.536 | BB28: 0.108 | BC28: 6.286 | BD28: 0.091 | BE28: =(BA28-BC28) -> 1.25 | BF28: =SQRT((BB28)^2 + (BD28)^2) -> 0.14122677 | BG28: =BF28^2 -> 0.019945 | BH28: 0.97 | BI28: =(BE28-BH28)^2 -> 0.0784 | BJ28: Both Sides Converged after 1st 100 ns
AA29: Time | AB29: Chain | AC29: Residue Number | AD29: Mutation | AE29: Alanine | AF29: DG-Complex | AG29: Uncertainty-Complex | AH29: DG-Antibody | AI29: Uncertainty-Antibody | AJ29: DDG | AK29: Uncertainty | AL29: Uncertainty^2 | AM29: Database | AN29: Squared Error | AO29: Convergence Status | AV29: 100 ns | AW29: Light Chain | AX29: F97 | AY29: F614 | AZ29: A614 | BA29: -24.761 | BB29: 0.145 | BC29: -24.088 | BD29: 0.092 | BE29: =(BA29-BC29) -> -0.673 | BF29: =SQRT((BB29)^2 + (BD29)^2) -> 0.17172362 | BG29: =BF29^2 -> 0.029489 | BH29: 0.02 | BI29: =(BE29-BH29)^2 -> 0.480249 | BJ29: Both Sides Converged after 1st 100 ns
V30: RMSE | W30: =SQRT(W28/5) -> 0.8436536 | AA30: 20 ns | AB30: Light Chain | AC30: V3 | AD30: V526 | AE30: A526 | AF30: -5.105 | AG30: 0.086 | AH30: -5.056 | AI30: 0.051 | AJ30: =(AF30-AH30) -> -0.049 | AK30: =SQRT((AG30)^2 + (AI30)^2) -> 0.099984999 | AL30: =AK30^2 -> 0.009997 | AM30: -0.51 | AN30: =(AJ30-AM30)^2 -> 0.212521 | AO30: Both Sides Converged after 1st 20 ns | BG30: SUM | BI30: SUM
V31: Uncertainty | W31: =SQRT(U28/5) -> 0.205727 | AA31: 100 ns | AB31: Light Chain | AC31: Y30 | AD31: Y551 | AE31: A551 | AF31: -8.881 | AG31: 0.043 | AH31: -8.964 | AI31: 0.043 | AJ31: =(AF31-AH31) -> 0.083 | AK31: =SQRT((AG31)^2 + (AI31)^2) -> 0.060811183 | AL31: =AK31^2 -> 0.003698 | AM31: 1.13 | AN31: =(AJ31-AM31)^2 -> 1.096209 | AO31: Both Sides Converged after 1st 100 ns | BG31: =SUM(BG25:BG29) -> 0.141264 | BI31: =SUM(BI25:BI29) -> 1.863419
AA32: 100 ns | AB32: Light Chain | AC32: G31 | AD32: G552 | AE32: A552 | AF32: 12.08 | AG32: 0.26 | AH32: 11.585 | AI32: 0.122 | AJ32: =(AF32-AH32) -> 0.495 | AK32: =SQRT((AG32)^2 + (AI32)^2) -> 0.28720028 | AL32: =AK32^2 -> 0.082484 | AM32: 0.47 | AN32: =(AJ32-AM32)^2 -> 0.000625 | AO32: Both Sides Converged after 1st 100 ns
AA33: 100 ns | AB33: Light Chain | AC33: L91 | AD33: L612 | AE33: A612 | AF33: 7.536 | AG33: 0.108 | AH33: 6.286 | AI33: 0.091 | AJ33: =(AF33-AH33) -> 1.25 | AK33: =SQRT((AG33)^2 + (AI33)^2) -> 0.14122677 | AL33: =AK33^2 -> 0.019945 | AM33: 0.97 | AN33: =(AJ33-AM33)^2 -> 0.0784 | AO33: Both Sides Converged after 1st 100 ns | BH33: RMSE | BI33: =SQRT(BI31/5) -> 0.61047834
J34: 5 ns - All | AA34: 100 ns | AB34: Light Chain | AC34: F97 | AD34: F614 | AE34: A614 | AF34: -24.761 | AG34: 0.145 | AH34: -24.088 | AI34: 0.092 | AJ34: =(AF34-AH34) -> -0.673 | AK34: =SQRT((AG34)^2 + (AI34)^2) -> 0.17172362 | AL34: =AK34^2 -> 0.029489 | AM34: 0.02 | AN34: =(AJ34-AM34)^2 -> 0.480249 | AO34: Both Sides Converged after 1st 100 ns | BH34: Uncertainty | BI34: =SQRT(BG31/5) -> 0.16808569
J35: Time | K35: Chain | L35: Residue Number | M35: Mutation | N35: Alanine | O35: DG-Complex | P35: Uncertainty-Complex | Q35: DG-Antibody | R35: Uncertainty-Antibody | S35: DDG | T35: Uncertainty | U35: Uncertainty^2 | V35: Database | W35: Squared Error | AL35: SUM | AN35: SUM
J36: 5 ns | K36: Heavy Chain | L36: W50 | M36: W349 | N36: A349 | O36: -37.261 | P36: 0.487 | Q36: -42.449 | R36: 0.443 | S36: =O36-Q36 -> 5.188 | T36: =SQRT((P36)^2 + (R36)^2) -> 0.65834489 | U36: =T36^2 -> 0.433418 | V36: 1.53 | W36: =(S36-V36)^2 -> 13.380964 | AL36: =SUM(AL30:AL34) -> 0.145613 | AN36: =SUM(AN30:AN34) -> 1.868004
J37: 5 ns | K37: Heavy Chain | L37: V52B | M37: V353 | N37: A353 | O37: -3.988 | P37: 0.158 | Q37: -3.817 | R37: 0.049 | S37: =O37-Q37 -> -0.171 | T37: =SQRT((P37)^2 + (R37)^2) -> 0.1654237 | U37: =T37^2 -> 0.027365 | V37: -0.82 | W37: =(S37-V37)^2 -> 0.421201 | AV37: 100 ns - All
J38: 5 ns | K38: Heavy Chain | L38: T53 | M38: T354 | N38: A354 | O38: 12.399 | P38: 0.324 | Q38: 12.984 | R38: 0.038 | S38: =O38-Q38 -> -0.585 | T38: =SQRT((P38)^2 + (R38)^2) -> 0.32622078 | U38: =T38^2 -> 0.10642 | V38: -0.85 | W38: =(S38-V38)^2 -> 0.070225 | AM38: RMSE | AN38: =SQRT(AN36/5) -> 0.61122893 | AV38: Time | AW38: Chain | AX38: Residue Number | AY38: Mutation | AZ38: Alanine | BA38: DG-Complex | BB38: Uncertainty-Complex | BC38: DG-Antibody | BD38: Uncertainty-Antibody | BE38: DDG | BF38: Uncertainty | BG38: Uncertainty^2 | BH38: Database | BI38: Squared Error
J39: 5 ns | K39: Heavy Chain | L39: G54 | M39: G355 | N39: A355 | O39: 16.52 | P39: 0.1 | Q39: 13.998 | R39: 0.055 | S39: =O39-Q39 -> 2.522 | T39: =SQRT((P39)^2 + (R39)^2) -> 0.11412712 | U39: =T39^2 -> 0.013025 | V39: 0.46 | W39: =(S39-V39)^2 -> 4.251844 | AM39: Uncertainty | AN39: =SQRT(AL36/5) -> 0.17065345 | AV39: 100 ns | AW39: Heavy Chain | AX39: L34 | AY39: L332 | AZ39: A332 | BA39: 5.277 | BB39: 0.12 | BC39: 2.081 | BD39: 0.141 | BE39: 3.196 | BF39: 0.18515129 | BG39: 0.034281 | BH39: 0.57 | BI39: 6.895876
J40: 5 ns | K40: Heavy Chain | L40: V56 | M40: V357 | N40: A357 | O40: -4.077 | P40: 0.14 | Q40: -5.017 | R40: 0.035 | S40: =O40-Q40 -> 0.94 | T40: =SQRT((P40)^2 + (R40)^2) -> 0.1443087 | U40: =T40^2 -> 0.020825 | V40: 0.99 | W40: =(S40-V40)^2 -> 0.0025 | AV40: 100 ns | AW40: Heavy Chain | AX40: W47 | AY40: W346 | AZ40: A346 | BA40: -38.622 | BB40: 0.701 | BC40: -40.955 | BD40: 0.219 | BE40: 2.333 | BF40: 0.73441269 | BG40: 0.539362 | BH40: 1.07 | BI40: 1.595169
J41: 5 ns | K41: Heavy Chain | L41: N57 | M41: N358 | N41: A358 | O41: 71.562 | P41: 0.393 | Q41: 69.636 | R41: 0.072 | S41: =O41-Q41 -> 1.926 | T41: =SQRT((P41)^2 + (R41)^2) -> 0.39954099 | U41: =T41^2 -> 0.159633 | V41: 1.53 | W41: =(S41-V41)^2 -> 0.156816 | AV41: 100 ns | AW41: Heavy Chain | AX41: W50 | AY41: W349 | AZ41: A349 | BA41: -41.331 | BB41: 0.258 | BC41: -43.83 | BD41: 0.17 | BE41: 2.499 | BF41: 0.30897249 | BG41: 0.095464 | BH41: 1.53 | BI41: 0.938961
J42: 5 ns | K42: Heavy Chain | L42: Y98 | M42: Y402 | N42: A402 | O42: -8.318 | P42: 0.301 | Q42: -8.648 | R42: 0.224 | S42: =O42-Q42 -> 0.33 | T42: =SQRT((P42)^2 + (R42)^2) -> 0.37520261 | U42: =T42^2 -> 0.140777 | V42: 0.47 | W42: =(S42-V42)^2 -> 0.0196 | AA42: 20 ns - All | AV42: 100 ns | AW42: Heavy Chain | AX42: V52B | AY42: W353 | AZ42: S353 | BA42: -4.388 | BB42: 0.133 | BC42: -4.789 | BD42: 0.11 | BE42: 0.401 | BF42: 0.1725949 | BG42: 0.029789 | BH42: -0.82 | BI42: 1.490841
J43: 5 ns | K43: Heavy Chain | L43: T99 | M43: T403 | N43: A403 | O43: 10.29 | P43: 0.211 | Q43: 10.589 | R43: 0.14 | S43: =O43-Q43 -> -0.299 | T43: =SQRT((P43)^2 + (R43)^2) -> 0.25322125 | U43: =T43^2 -> 0.064121 | V43: -0.43 | W43: =(S43-V43)^2 -> 0.017161 | AA43: Time | AB43: Chain | AC43: Residue Number | AD43: Mutation | AE43: Alanine | AF43: DG-Complex | AG43: Uncertainty-Complex | AH43: DG-Antibody | AI43: Uncertainty-Antibody | AJ43: DDG | AK43: Uncertainty | AL43: Uncertainty^2 | AM43: Database | AN43: Squared Error | AV43: 100 ns | AW43: Heavy Chain | AX43: T53 | AY43: T354 | AZ43: A354 | BA43: 12.905 | BB43: 0.277 | BC43: 12.784 | BD43: 0.171 | BE43: 0.121 | BF43: 0.32553034 | BG43: 0.10597 | BH43: -0.85 | BI43: 0.942841
J44: 5 ns | K44: Heavy Chain | L44: G100 | M44: G404 | N44: A404 | O44: 13.407 | P44: 0.134 | Q44: 12.718 | R44: 0.216 | S44: =O44-Q44 -> 0.689 | T44: =SQRT((P44)^2 + (R44)^2) -> 0.25418891 | U44: =T44^2 -> 0.064612 | V44: -0.27 | W44: =(S44-V44)^2 -> 0.919681 | AA44: 20 ns | AB44: Heavy Chain | AC44: L34 | AD44: L332 | AE44: A332 | AF44: 4.749 | AG44: 0.398 | AH44: 2.624 | AI44: 0.248 | AJ44: =AF44-AH44 -> 2.125 | AK44: =SQRT((AG44)^2 + (AI44)^2) -> 0.46894349 | AL44: =AK44^2 -> 0.219908 | AM44: 0.57 | AN44: =(AJ44-AM44)^2 -> 2.418025 | AV44: 100 ns | AW44: Heavy Chain | AX44: G54 | AY44: G355 | AZ44: A355 | BA44: 16.305 | BB44: 0.181 | BC44: 13.923 | BD44: 0.042 | BE44: 2.382 | BF44: 0.18580904 | BG44: 0.034525 | BH44: 0.46 | BI44: 3.694084
J45: 5 ns | K45: Heavy Chain | L45: G100A | M45: G405 | N45: A405 | O45: 10.347 | P45: 0.036 | Q45: 11.186 | R45: 0.054 | S45: =O45-Q45 -> -0.839 | T45: =SQRT((P45)^2 + (R45)^2) -> 0.064899923 | U45: =T45^2 -> 0.004212 | V45: -0.63 | W45: =(S45-V45)^2 -> 0.043681 | AA45: 100 ns | AB45: Heavy Chain | AC45: W47 | AD45: W346 | AE45: A346 | AF45: -38.622 | AG45: 0.701 | AH45: -40.955 | AI45: 0.219 | AJ45: =AF45-AH45 -> 2.333 | AK45: =SQRT((AG45)^2 + (AI45)^2) -> 0.73441269 | AL45: =AK45^2 -> 0.539362 | AM45: 1.07 | AN45: =(AJ45-AM45)^2 -> 1.595169 | AV45: 100 ns | AW45: Heavy Chain | AX45: V56 | AY45: V357 | AZ45: A357 | BA45: -4.821 | BB45: 0.153 | BC45: -5.066 | BD45: 0.04 | BE45: 0.245 | BF45: 0.15814234 | BG45: 0.025009 | BH45: 0.99 | BI45: 0.555025
J46: 5 ns | K46: Heavy Chain | L46: G100C | M46: G407 | N46: A407 | O46: 15.09 | P46: 0.11 | Q46: 14.745 | R46: 0.087 | S46: =O46-Q46 -> 0.345 | T46: =SQRT((P46)^2 + (R46)^2) -> 0.14024621 | U46: =T46^2 -> 0.019669 | V46: 0.19 | W46: =(S46-V46)^2 -> 0.024025 | AA46: 100 ns | AB46: Heavy Chain | AC46: W50 | AD46: W349 | AE46: A349 | AF46: -41.331 | AG46: 0.258 | AH46: -43.83 | AI46: 0.17 | AJ46: =AF46-AH46 -> 2.499 | AK46: =SQRT((AG46)^2 + (AI46)^2) -> 0.30897249 | AL46: =AK46^2 -> 0.095464 | AM46: 1.53 | AN46: =(AJ46-AM46)^2 -> 0.938961 | AV46: 100 ns | AW46: Heavy Chain | AX46: N57 | AY46: N358 | AZ46: A358 | BA46: 69.619 | BB46: 0.185 | BC46: 69.455 | BD46: 0.046 | BE46: 0.164 | BF46: 0.19063316 | BG46: 0.036341 | BH46: 1.53 | BI46: 1.865956
J47: 5 ns | K47: Light Chain | L47: V3 | M47: V526 | N47: A526 | O47: -5.997 | P47: 0.135 | Q47: -5.052 | R47: 0.174 | S47: =O47-Q47 -> -0.945 | T47: =SQRT((P47)^2 + (R47)^2) -> 0.22022943 | U47: =T47^2 -> 0.048501 | V47: -0.51 | W47: =(S47-V47)^2 -> 0.189225 | AA47: 20 ns | AB47: Heavy Chain | AC47: V52B | AD47: W353 | AE47: S353 | AF47: -4.309 | AG47: 0.234 | AH47: -4.296 | AI47: 0.048 | AJ47: =AF47-AH47 -> -0.013 | AK47: =SQRT((AG47)^2 + (AI47)^2) -> 0.23887235 | AL47: =AK47^2 -> 0.05706 | AM47: -0.82 | AN47: =(AJ47-AM47)^2 -> 0.651249 | AV47: 100 ns | AW47: Heavy Chain | AX47: G59 | AY47: G360 | AZ47: A360 | BA47: 11.676 | BB47: 0.052 | BC47: 12.621 | BD47: 0.145 | BE47: -0.945 | BF47: 0.1540422 | BG47: 0.023729 | BH47: 0.06 | BI47: 1.010025
J48: 5 ns | K48: Light Chain | L48: Y30 | M48: Y551 | N48: A551 | O48: -8.521 | P48: 0.133 | Q48: -8.058 | R48: 0.129 | S48: =O48-Q48 -> -0.463 | T48: =SQRT((P48)^2 + (R48)^2) -> 0.18528357 | U48: =T48^2 -> 0.03433 | V48: 1.13 | W48: =(S48-V48)^2 -> 2.537649 | AA48: 20 ns | AB48: Heavy Chain | AC48: T53 | AD48: T354 | AE48: A354 | AF48: 12.283 | AG48: 0.18 | AH48: 12.985 | AI48: 0.034 | AJ48: =AF48-AH48 -> -0.702 | AK48: =SQRT((AG48)^2 + (AI48)^2) -> 0.18318297 | AL48: =AK48^2 -> 0.033556 | AM48: -0.85 | AN48: =(AJ48-AM48)^2 -> 0.021904 | AV48: 100 ns | AW48: Heavy Chain | AX48: Y98 | AY48: Y402 | AZ48: A402 | BA48: -7.165 | BB48: 0.252 | BC48: -8.442 | BD48: 0.109 | BE48: 1.277 | BF48: 0.27456329 | BG48: 0.075385 | BH48: 0.47 | BI48: 0.651249
J49: 5 ns | K49: Light Chain | L49: G31 | M49: G552 | N49: A552 | O49: 11.65 | P49: 0.18 | Q49: 11.927 | R49: 0.144 | S49: =O49-Q49 -> -0.277 | T49: =SQRT((P49)^2 + (R49)^2) -> 0.23051247 | U49: =T49^2 -> 0.053136 | V49: 0.47 | W49: =(S49-V49)^2 -> 0.558009 | AA49: 20 ns | AB49: Heavy Chain | AC49: G54 | AD49: G355 | AE49: A355 | AF49: 16.119 | AG49: 0.214 | AH49: 13.843 | AI49: 0.093 | AJ49: =AF49-AH49 -> 2.276 | AK49: =SQRT((AG49)^2 + (AI49)^2) -> 0.23333452 | AL49: =AK49^2 -> 0.054445 | AM49: 0.46 | AN49: =(AJ49-AM49)^2 -> 3.297856 | AV49: 100 ns | AW49: Heavy Chain | AX49: T99 | AY49: T403 | AZ49: A403 | BA49: 10.812 | BB49: 0.11 | BC49: 10.672 | BD49: 0.088 | BE49: 0.14 | BF49: 0.14086873 | BG49: 0.019844 | BH49: -0.43 | BI49: 0.3249
J50: 5 ns | K50: Light Chain | L50: L91 | M50: L612 | N50: A612 | O50: 7.626 | P50: 0.152 | Q50: 6.199 | R50: 0.103 | S50: =O50-Q50 -> 1.427 | T50: =SQRT((P50)^2 + (R50)^2) -> 0.183611 | U50: =T50^2 -> 0.033713 | V50: 0.97 | W50: =(S50-V50)^2 -> 0.208849 | AA50: 20 ns | AB50: Heavy Chain | AC50: V56 | AD50: V357 | AE50: A357 | AF50: -4.789 | AG50: 0.093 | AH50: -4.982 | AI50: 0.019 | AJ50: =AF50-AH50 -> 0.193 | AK50: =SQRT((AG50)^2 + (AI50)^2) -> 0.09492102 | AL50: =AK50^2 -> 0.00901 | AM50: 0.99 | AN50: =(AJ50-AM50)^2 -> 0.635209 | AV50: 100 ns | AW50: Heavy Chain | AX50: G100 | AY50: G404 | AZ50: A404 | BA50: 13.137 | BB50: 0.168 | BC50: 12.03 | BD50: 0.122 | BE50: 1.107 | BF50: 0.20762466 | BG50: 0.043108 | BH50: -0.27 | BI50: 1.896129
J51: 5 ns | K51: Light Chain | L51: F97 | M51: F614 | N51: A614 | O51: -23.917 | P51: 0.103 | Q51: -24.192 | R51: 0.177 | S51: =O51-Q51 -> 0.275 | T51: =SQRT((P51)^2 + (R51)^2) -> 0.20478769 | U51: =T51^2 -> 0.041938 | V51: 0.02 | W51: =(S51-V51)^2 -> 0.065025 | AA51: 20 ns | AB51: Heavy Chain | AC51: N57 | AD51: N358 | AE51: A358 | AF51: 70.179 | AG51: 0.241 | AH51: 69.418 | AI51: 0.04 | AJ51: =AF51-AH51 -> 0.761 | AK51: =SQRT((AG51)^2 + (AI51)^2) -> 0.24429695 | AL51: =AK51^2 -> 0.059681 | AM51: 1.53 | AN51: =(AJ51-AM51)^2 -> 0.591361 | AV51: 100 ns | AW51: Heavy Chain | AX51: G100A | AY51: G405 | AZ51: A405 | BA51: 10.42 | BB51: 0.05 | BC51: 11.746 | BD51: 0.171 | BE51: -1.326 | BF51: 0.17816004 | BG51: 0.031741 | BH51: -0.63 | BI51: 0.484416
U52: SUM | W52: SUM | AA52: 20 ns | AB52: Heavy Chain | AC52: G59 | AD52: G360 | AE52: A360 | AF52: 11.674 | AG52: 0.111 | AH52: 12.246 | AI52: 0.173 | AJ52: =AF52-AH52 -> -0.572 | AK52: =SQRT((AG52)^2 + (AI52)^2) -> 0.20554805 | AL52: =AK52^2 -> 0.04225 | AM52: 0.06 | AN52: =(AJ52-AM52)^2 -> 0.399424 | AV52: 100 ns | AW52: Heavy Chain | AX52: G100C | AY52: G407 | AZ52: A407 | BA52: 14.385 | BB52: 0.055 | BC52: 14.123 | BD52: 0.159 | BE52: 0.262 | BF52: 0.16824387 | BG52: 0.028306 | BH52: 0.19 | BI52: 0.005184
U53: =SUM(U36:U51) -> 1.265695 | W53: =SUM(W36:W51) -> 22.866455 | AA53: 20 ns | AB53: Heavy Chain | AC53: Y98 | AD53: Y402 | AE53: A402 | AF53: -7.727 | AG53: 0.343 | AH53: -8.286 | AI53: 0.099 | AJ53: =AF53-AH53 -> 0.559 | AK53: =SQRT((AG53)^2 + (AI53)^2) -> 0.3570014 | AL53: =AK53^2 -> 0.12745 | AM53: 0.47 | AN53: =(AJ53-AM53)^2 -> 0.007921 | AV53: 100 ns | AW53: Light Chain | AX53: V3 | AY53: V526 | AZ53: A526 | BA53: -5.304 | BB53: 0.068 | BC53: -5.25 | BD53: 0.032 | BE53: =(BA53-BC53) -> -0.054 | BF53: =SQRT((BB53)^2 + (BD53)^2) -> 0.075153177 | BG53: =BF53^2 -> 0.005648 | BH53: -0.51 | BI53: =(BE53-BH53)^2 -> 0.207936
AA54: 20 ns | AB54: Heavy Chain | AC54: T99 | AD54: T403 | AE54: A403 | AF54: 11.613 | AG54: 0.127 | AH54: 10.423 | AI54: 0.135 | AJ54: =AF54-AH54 -> 1.19 | AK54: =SQRT((AG54)^2 + (AI54)^2) -> 0.18534832 | AL54: =AK54^2 -> 0.034354 | AM54: -0.43 | AN54: =(AJ54-AM54)^2 -> 2.6244 | AV54: 100 ns | AW54: Light Chain | AX54: Y30 | AY54: Y551 | AZ54: A551 | BA54: -8.881 | BB54: 0.043 | BC54: -8.964 | BD54: 0.043 | BE54: =(BA54-BC54) -> 0.083 | BF54: =SQRT((BB54)^2 + (BD54)^2) -> 0.060811183 | BG54: =BF54^2 -> 0.003698 | BH54: 1.13 | BI54: =(BE54-BH54)^2 -> 1.096209
V55: RMSE | W55: =SQRT(W53/16) -> 1.1954721 | AA55: 100 ns | AB55: Heavy Chain | AC55: G100 | AD55: G404 | AE55: A404 | AF55: 13.137 | AG55: 0.168 | AH55: 12.03 | AI55: 0.122 | AJ55: =AF55-AH55 -> 1.107 | AK55: =SQRT((AG55)^2 + (AI55)^2) -> 0.20762466 | AL55: =AK55^2 -> 0.043108 | AM55: -0.27 | AN55: =(AJ55-AM55)^2 -> 1.896129 | AV55: 100 ns | AW55: Light Chain | AX55: G31 | AY55: G552 | AZ55: A552 | BA55: 12.08 | BB55: 0.26 | BC55: 11.585 | BD55: 0.122 | BE55: =(BA55-BC55) -> 0.495 | BF55: =SQRT((BB55)^2 + (BD55)^2) -> 0.28720028 | BG55: =BF55^2 -> 0.082484 | BH55: 0.47 | BI55: =(BE55-BH55)^2 -> 0.000625
V56: Uncertainty | W56: =SQRT(U53/16) -> 0.28125778 | AA56: 100 ns | AB56: Heavy Chain | AC56: G100A | AD56: G405 | AE56: A405 | AF56: 10.42 | AG56: 0.05 | AH56: 11.746 | AI56: 0.171 | AJ56: =AF56-AH56 -> -1.326 | AK56: =SQRT((AG56)^2 + (AI56)^2) -> 0.17816004 | AL56: =AK56^2 -> 0.031741 | AM56: -0.63 | AN56: =(AJ56-AM56)^2 -> 0.484416 | AV56: 100 ns | AW56: Light Chain | AX56: L91 | AY56: L612 | AZ56: A612 | BA56: 7.536 | BB56: 0.108 | BC56: 6.286 | BD56: 0.091 | BE56: =(BA56-BC56) -> 1.25 | BF56: =SQRT((BB56)^2 + (BD56)^2) -> 0.14122677 | BG56: =BF56^2 -> 0.019945 | BH56: 0.97 | BI56: =(BE56-BH56)^2 -> 0.0784
AA57: 100 ns | AB57: Heavy Chain | AC57: G100C | AD57: G407 | AE57: A407 | AF57: 14.385 | AG57: 0.055 | AH57: 14.123 | AI57: 0.159 | AJ57: =AF57-AH57 -> 0.262 | AK57: =SQRT((AG57)^2 + (AI57)^2) -> 0.16824387 | AL57: =AK57^2 -> 0.028306 | AM57: 0.19 | AN57: =(AJ57-AM57)^2 -> 0.005184 | AV57: 100 ns | AW57: Light Chain | AX57: F97 | AY57: F614 | AZ57: A614 | BA57: -24.761 | BB57: 0.145 | BC57: -24.088 | BD57: 0.092 | BE57: =(BA57-BC57) -> -0.673 | BF57: =SQRT((BB57)^2 + (BD57)^2) -> 0.17172362 | BG57: =BF57^2 -> 0.029489 | BH57: 0.02 | BI57: =(BE57-BH57)^2 -> 0.480249
AA58: 20 ns | AB58: Light Chain | AC58: V3 | AD58: V526 | AE58: A526 | AF58: -5.105 | AG58: 0.086 | AH58: -5.056 | AI58: 0.051 | AJ58: =(AF58-AH58) -> -0.049 | AK58: =SQRT((AG58)^2 + (AI58)^2) -> 0.099984999 | AL58: =AK58^2 -> 0.009997 | AM58: -0.51 | AN58: =(AJ58-AM58)^2 -> 0.212521 | BG58: SUM | BI58: SUM
AA59: 100 ns | AB59: Light Chain | AC59: Y30 | AD59: Y551 | AE59: A551 | AF59: -8.881 | AG59: 0.043 | AH59: -8.964 | AI59: 0.043 | AJ59: =(AF59-AH59) -> 0.083 | AK59: =SQRT((AG59)^2 + (AI59)^2) -> 0.060811183 | AL59: =AK59^2 -> 0.003698 | AM59: 1.13 | AN59: =(AJ59-AM59)^2 -> 1.096209 | BG59: =SUM(BG39:BG57) -> 1.264118 | BI59: =SUM(BI39:BI57) -> 24.214075
J60: 5 ns - Without G Sites | AA60: 100 ns | AB60: Light Chain | AC60: G31 | AD60: G552 | AE60: A552 | AF60: 12.08 | AG60: 0.26 | AH60: 11.585 | AI60: 0.122 | AJ60: =(AF60-AH60) -> 0.495 | AK60: =SQRT((AG60)^2 + (AI60)^2) -> 0.28720028 | AL60: =AK60^2 -> 0.082484 | AM60: 0.47 | AN60: =(AJ60-AM60)^2 -> 0.000625
J61: Time | K61: Chain | L61: Residue Number | M61: Mutation | N61: Alanine | O61: DG-Complex | P61: Uncertainty-Complex | Q61: DG-Antibody | R61: Uncertainty-Antibody | S61: DDG | T61: Uncertainty | U61: Uncertainty^2 | V61: Database | W61: Squared Error | AA61: 100 ns | AB61: Light Chain | AC61: L91 | AD61: L612 | AE61: A612 | AF61: 7.536 | AG61: 0.108 | AH61: 6.286 | AI61: 0.091 | AJ61: =(AF61-AH61) -> 1.25 | AK61: =SQRT((AG61)^2 + (AI61)^2) -> 0.14122677 | AL61: =AK61^2 -> 0.019945 | AM61: 0.97 | AN61: =(AJ61-AM61)^2 -> 0.0784 | BH61: RMSE | BI61: =SQRT(BI59/19) -> 1.1289043
J62: 5 ns | K62: Heavy Chain | L62: V52B | M62: V353 | N62: A353 | O62: -3.988 | P62: 0.158 | Q62: -3.817 | R62: 0.049 | S62: =O62-Q62 -> -0.171 | T62: =SQRT((P62)^2 + (R62)^2) -> 0.1654237 | U62: =T62^2 -> 0.027365 | V62: -0.82 | W62: =(S62-V62)^2 -> 0.421201 | AA62: 100 ns | AB62: Light Chain | AC62: F97 | AD62: F614 | AE62: A614 | AF62: -24.761 | AG62: 0.145 | AH62: -24.088 | AI62: 0.092 | AJ62: =(AF62-AH62) -> -0.673 | AK62: =SQRT((AG62)^2 + (AI62)^2) -> 0.17172362 | AL62: =AK62^2 -> 0.029489 | AM62: 0.02 | AN62: =(AJ62-AM62)^2 -> 0.480249 | BH62: Uncertainty | BI62: =SQRT(BG59/19) -> 0.257939
J63: 5 ns | K63: Heavy Chain | L63: T53 | M63: T354 | N63: A354 | O63: 12.399 | P63: 0.324 | Q63: 12.984 | R63: 0.038 | S63: =O63-Q63 -> -0.585 | T63: =SQRT((P63)^2 + (R63)^2) -> 0.32622078 | U63: =T63^2 -> 0.10642 | V63: -0.85 | W63: =(S63-V63)^2 -> 0.070225 | AL63: SUM | AN63: SUM
J64: 5 ns | K64: Heavy Chain | L64: G54 | M64: G355 | N64: A355 | O64: 16.52 | P64: 0.1 | Q64: 13.998 | R64: 0.055 | S64: =O64-Q64 -> 2.522 | T64: =SQRT((P64)^2 + (R64)^2) -> 0.11412712 | U64: =T64^2 -> 0.013025 | V64: 0.46 | W64: =(S64-V64)^2 -> 4.251844 | AL64: =SUM(AL44:AL62) -> 1.521308 | AN64: =SUM(AN44:AN62) -> 17.435212
J65: 5 ns | K65: Heavy Chain | L65: V56 | M65: V357 | N65: A357 | O65: -4.077 | P65: 0.14 | Q65: -5.017 | R65: 0.035 | S65: =O65-Q65 -> 0.94 | T65: =SQRT((P65)^2 + (R65)^2) -> 0.1443087 | U65: =T65^2 -> 0.020825 | V65: 0.99 | W65: =(S65-V65)^2 -> 0.0025 | AV65: 100 ns - Without G Sites
J66: 5 ns | K66: Heavy Chain | L66: N57 | M66: N358 | N66: A358 | O66: 71.562 | P66: 0.393 | Q66: 69.636 | R66: 0.072 | S66: =O66-Q66 -> 1.926 | T66: =SQRT((P66)^2 + (R66)^2) -> 0.39954099 | U66: =T66^2 -> 0.159633 | V66: 1.53 | W66: =(S66-V66)^2 -> 0.156816 | AM66: RMSE | AN66: =SQRT(AN64/19) -> 0.95793671 | AV66: Time | AW66: Chain | AX66: Residue Number | AY66: Mutation | AZ66: Alanine | BA66: DG-Complex | BB66: Uncertainty-Complex | BC66: DG-Antibody | BD66: Uncertainty-Antibody | BE66: DDG | BF66: Uncertainty | BG66: Uncertainty^2 | BH66: Database | BI66: Squared Error
J67: 5 ns | K67: Heavy Chain | L67: Y98 | M67: Y402 | N67: A402 | O67: -8.318 | P67: 0.301 | Q67: -8.648 | R67: 0.224 | S67: =O67-Q67 -> 0.33 | T67: =SQRT((P67)^2 + (R67)^2) -> 0.37520261 | U67: =T67^2 -> 0.140777 | V67: 0.47 | W67: =(S67-V67)^2 -> 0.0196 | AM67: Uncertainty | AN67: =SQRT(AL64/19) -> 0.28296438 | AV67: 100 ns | AW67: Heavy Chain | AX67: L34 | AY67: L332 | AZ67: A332 | BA67: 5.277 | BB67: 0.12 | BC67: 2.081 | BD67: 0.141 | BE67: 3.196 | BF67: 0.18515129 | BG67: 0.034281 | BH67: 0.57 | BI67: 6.895876
J68: 5 ns | K68: Heavy Chain | L68: T99 | M68: T403 | N68: A403 | O68: 10.29 | P68: 0.211 | Q68: 10.589 | R68: 0.14 | S68: =O68-Q68 -> -0.299 | T68: =SQRT((P68)^2 + (R68)^2) -> 0.25322125 | U68: =T68^2 -> 0.064121 | V68: -0.43 | W68: =(S68-V68)^2 -> 0.017161 | AV68: 100 ns | AW68: Heavy Chain | AX68: V52B | AY68: W353 | AZ68: S353 | BA68: -4.388 | BB68: 0.133 | BC68: -4.789 | BD68: 0.11 | BE68: 0.401 | BF68: 0.1725949 | BG68: 0.029789 | BH68: -0.82 | BI68: 1.490841
J69: 5 ns | K69: Light Chain | L69: V3 | M69: V526 | N69: A526 | O69: -5.997 | P69: 0.135 | Q69: -5.052 | R69: 0.174 | S69: =O69-Q69 -> -0.945 | T69: =SQRT((P69)^2 + (R69)^2) -> 0.22022943 | U69: =T69^2 -> 0.048501 | V69: -0.51 | W69: =(S69-V69)^2 -> 0.189225 | AV69: 100 ns | AW69: Heavy Chain | AX69: T53 | AY69: T354 | AZ69: A354 | BA69: 12.905 | BB69: 0.277 | BC69: 12.784 | BD69: 0.171 | BE69: 0.121 | BF69: 0.32553034 | BG69: 0.10597 | BH69: -0.85 | BI69: 0.942841
U70: SUM | W70: SUM | AA70: 20 ns - Without G Sites | AV70: 100 ns | AW70: Heavy Chain | AX70: G54 | AY70: G355 | AZ70: A355 | BA70: 16.305 | BB70: 0.181 | BC70: 13.923 | BD70: 0.042 | BE70: 2.382 | BF70: 0.18580904 | BG70: 0.034525 | BH70: 0.46 | BI70: 3.694084
U71: =SUM(U62:U69) -> 0.580667 | W71: =SUM(W62:W69) -> 5.128572 | AA71: Time | AB71: Chain | AC71: Residue Number | AD71: Mutation | AE71: Alanine | AF71: DG-Complex | AG71: Uncertainty-Complex | AH71: DG-Antibody | AI71: Uncertainty-Antibody | AJ71: DDG | AK71: Uncertainty | AL71: Uncertainty^2 | AM71: Database | AN71: Squared Error | AV71: 100 ns | AW71: Heavy Chain | AX71: V56 | AY71: V357 | AZ71: A357 | BA71: -4.821 | BB71: 0.153 | BC71: -5.066 | BD71: 0.04 | BE71: 0.245 | BF71: 0.15814234 | BG71: 0.025009 | BH71: 0.99 | BI71: 0.555025
AA72: 20 ns | AB72: Heavy Chain | AC72: L34 | AD72: L332 | AE72: A332 | AF72: 4.749 | AG72: 0.398 | AH72: 2.624 | AI72: 0.248 | AJ72: =AF72-AH72 -> 2.125 | AK72: =SQRT((AG72)^2 + (AI72)^2) -> 0.46894349 | AL72: =AK72^2 -> 0.219908 | AM72: 0.57 | AN72: =(AJ72-AM72)^2 -> 2.418025 | AV72: 100 ns | AW72: Heavy Chain | AX72: N57 | AY72: N358 | AZ72: A358 | BA72: 69.619 | BB72: 0.185 | BC72: 69.455 | BD72: 0.046 | BE72: 0.164 | BF72: 0.19063316 | BG72: 0.036341 | BH72: 1.53 | BI72: 1.865956
V73: RMSE | W73: =SQRT(W71/8) -> 0.80066941 | AA73: 20 ns | AB73: Heavy Chain | AC73: V52B | AD73: W353 | AE73: S353 | AF73: -4.309 | AG73: 0.234 | AH73: -4.296 | AI73: 0.048 | AJ73: =AF73-AH73 -> -0.013 | AK73: =SQRT((AG73)^2 + (AI73)^2) -> 0.23887235 | AL73: =AK73^2 -> 0.05706 | AM73: -0.82 | AN73: =(AJ73-AM73)^2 -> 0.651249 | AV73: 100 ns | AW73: Heavy Chain | AX73: G59 | AY73: G360 | AZ73: A360 | BA73: 11.676 | BB73: 0.052 | BC73: 12.621 | BD73: 0.145 | BE73: -0.945 | BF73: 0.1540422 | BG73: 0.023729 | BH73: 0.06 | BI73: 1.010025
V74: Uncertainty | W74: =SQRT(U71/8) -> 0.26941302 | AA74: 20 ns | AB74: Heavy Chain | AC74: T53 | AD74: T354 | AE74: A354 | AF74: 12.283 | AG74: 0.18 | AH74: 12.985 | AI74: 0.034 | AJ74: =AF74-AH74 -> -0.702 | AK74: =SQRT((AG74)^2 + (AI74)^2) -> 0.18318297 | AL74: =AK74^2 -> 0.033556 | AM74: -0.85 | AN74: =(AJ74-AM74)^2 -> 0.021904 | AV74: 100 ns | AW74: Heavy Chain | AX74: Y98 | AY74: Y402 | AZ74: A402 | BA74: -7.165 | BB74: 0.252 | BC74: -8.442 | BD74: 0.109 | BE74: 1.277 | BF74: 0.27456329 | BG74: 0.075385 | BH74: 0.47 | BI74: 0.651249
AA75: 20 ns | AB75: Heavy Chain | AC75: G54 | AD75: G355 | AE75: A355 | AF75: 16.119 | AG75: 0.214 | AH75: 13.843 | AI75: 0.093 | AJ75: =AF75-AH75 -> 2.276 | AK75: =SQRT((AG75)^2 + (AI75)^2) -> 0.23333452 | AL75: =AK75^2 -> 0.054445 | AM75: 0.46 | AN75: =(AJ75-AM75)^2 -> 3.297856 | AV75: 100 ns | AW75: Heavy Chain | AX75: T99 | AY75: T403 | AZ75: A403 | BA75: 10.812 | BB75: 0.11 | BC75: 10.672 | BD75: 0.088 | BE75: 0.14 | BF75: 0.14086873 | BG75: 0.019844 | BH75: -0.43 | BI75: 0.3249
AA76: 20 ns | AB76: Heavy Chain | AC76: V56 | AD76: V357 | AE76: A357 | AF76: -4.789 | AG76: 0.093 | AH76: -4.982 | AI76: 0.019 | AJ76: =AF76-AH76 -> 0.193 | AK76: =SQRT((AG76)^2 + (AI76)^2) -> 0.09492102 | AL76: =AK76^2 -> 0.00901 | AM76: 0.99 | AN76: =(AJ76-AM76)^2 -> 0.635209 | AV76: 100 ns | AW76: Light Chain | AX76: V3 | AY76: V526 | AZ76: A526 | BA76: -5.304 | BB76: 0.068 | BC76: -5.25 | BD76: 0.032 | BE76: =(BA76-BC76) -> -0.054 | BF76: =SQRT((BB76)^2 + (BD76)^2) -> 0.075153177 | BG76: =BF76^2 -> 0.005648 | BH76: -0.51 | BI76: =(BE76-BH76)^2 -> 0.207936
AA77: 20 ns | AB77: Heavy Chain | AC77: N57 | AD77: N358 | AE77: A358 | AF77: 70.179 | AG77: 0.241 | AH77: 69.418 | AI77: 0.04 | AJ77: =AF77-AH77 -> 0.761 | AK77: =SQRT((AG77)^2 + (AI77)^2) -> 0.24429695 | AL77: =AK77^2 -> 0.059681 | AM77: 1.53 | AN77: =(AJ77-AM77)^2 -> 0.591361 | BG77: SUM | BI77: SUM
AA78: 20 ns | AB78: Heavy Chain | AC78: G59 | AD78: G360 | AE78: A360 | AF78: 11.674 | AG78: 0.111 | AH78: 12.246 | AI78: 0.173 | AJ78: =AF78-AH78 -> -0.572 | AK78: =SQRT((AG78)^2 + (AI78)^2) -> 0.20554805 | AL78: =AK78^2 -> 0.04225 | AM78: 0.06 | AN78: =(AJ78-AM78)^2 -> 0.399424 | BG78: =SUM(BG67:BG76) -> 0.390521 | BI78: =SUM(BI67:BI76) -> 17.638733
AA79: 20 ns | AB79: Heavy Chain | AC79: Y98 | AD79: Y402 | AE79: A402 | AF79: -7.727 | AG79: 0.343 | AH79: -8.286 | AI79: 0.099 | AJ79: =AF79-AH79 -> 0.559 | AK79: =SQRT((AG79)^2 + (AI79)^2) -> 0.3570014 | AL79: =AK79^2 -> 0.12745 | AM79: 0.47 | AN79: =(AJ79-AM79)^2 -> 0.007921
AA80: 20 ns | AB80: Heavy Chain | AC80: T99 | AD80: T403 | AE80: A403 | AF80: 11.613 | AG80: 0.127 | AH80: 10.423 | AI80: 0.135 | AJ80: =AF80-AH80 -> 1.19 | AK80: =SQRT((AG80)^2 + (AI80)^2) -> 0.18534832 | AL80: =AK80^2 -> 0.034354 | AM80: -0.43 | AN80: =(AJ80-AM80)^2 -> 2.6244 | BH80: RMSE | BI80: =SQRT(BI78/10) -> 1.3281089
AA81: 20 ns | AB81: Light Chain | AC81: V3 | AD81: V526 | AE81: A526 | AF81: -5.105 | AG81: 0.086 | AH81: -5.056 | AI81: 0.051 | AJ81: =(AF81-AH81) -> -0.049 | AK81: =SQRT((AG81)^2 + (AI81)^2) -> 0.099984999 | AL81: =AK81^2 -> 0.009997 | AM81: -0.51 | AN81: =(AJ81-AM81)^2 -> 0.212521 | BH81: Uncertainty | BI81: =SQRT(BG78/10) -> 0.19761604
AL82: SUM | AN82: SUM
AL83: =SUM(AL72:AL81) -> 0.647711 | AN83: =SUM(AN72:AN81) -> 10.85987
AM85: RMSE | AN85: =SQRT(AN83/10) -> 1.042107
AM86: Uncertainty | AN86: =SQRT(AL83/10) -> 0.25450167

Sheet All
A1: All Sites | S1: Without G Sites
B2: Time | C2: Chain | D2: Residue Number | E2: Mutation | F2: Alanine | G2: DG-Complex | H2: Uncertainty-Complex | I2: DG-Antibody | J2: Uncertainty-Antibody | K2: DDG | L2: Uncertainty | M2: Uncertainty^2 | N2: Database | O2: Squared Error | T2: Time | U2: Chain | V2: Residue Number | W2: Mutation | X2: Alanine | Y2: DG-Complex | Z2: Uncertainty-Complex | AA2: DG-Antibody | AB2: Uncertainty-Antibody | AC2: DDG | AD2: Uncertainty | AE2: Uncertainty^2 | AF2: Database | AG2: Squared Error
A3: VRC01 | B3: 20 ns | C3: Heavy Chain | D3: I30 | E3: I328 | F3: A328 | G3: -12.409 | H3: 0.209 | I3: -13.033 | J3: 0.202 | K3: =G3-I3 -> 0.624 | L3: =SQRT((H3)^2 + (J3)^2) -> 0.29066304 | M3: =L3^2 -> 0.084485 | N3: -0.01 | O3: =(K3-N3)^2 -> 0.401956 | S3: VRC01 | T3: 20 ns | U3: Heavy Chain | V3: I30 | W3: I328 | X3: A328 | Y3: -12.409 | Z3: 0.209 | AA3: -13.033 | AB3: 0.202 | AC3: =Y3-AA3 -> 0.624 | AD3: =SQRT((Z3)^2 + (AB3)^2) -> 0.29066304 | AE3: =AD3^2 -> 0.084485 | AF3: -0.01 | AG3: =(AC3-AF3)^2 -> 0.401956
A4: VRC01 | B4: 20 ns | C4: Heavy Chain | D4: T33 | E4: T331 | F4: A331 | G4: 11.23 | H4: 0.182 | I4: 11.393 | J4: 0.092 | K4: =G4-I4 -> -0.163 | L4: =SQRT((H4)^2 + (J4)^2) -> 0.20393136 | M4: =L4^2 -> 0.041588 | N4: 0.7 | O4: =(K4-N4)^2 -> 0.744769 | S4: VRC01 | T4: 20 ns | U4: Heavy Chain | V4: T33 | W4: T331 | X4: A331 | Y4: 11.23 | Z4: 0.182 | AA4: 11.393 | AB4: 0.092 | AC4: =Y4-AA4 -> -0.163 | AD4: =SQRT((Z4)^2 + (AB4)^2) -> 0.20393136 | AE4: =AD4^2 -> 0.041588 | AF4: 0.7 | AG4: =(AC4-AF4)^2 -> 0.744769
A5: VRC01 | B5: 20 ns | C5: Heavy Chain | D5: W47 | E5: W345 | F5: A345 | G5: -33.622 | H5: 0.414 | I5: -37.578 | J5: 0.168 | K5: =G5-I5 -> 3.956 | L5: =SQRT((H5)^2 + (J5)^2) -> 0.44678854 | M5: =L5^2 -> 0.19962 | N5: 1.19 | O5: =(K5-N5)^2 -> 7.650756 | S5: VRC01 | T5: 20 ns | U5: Heavy Chain | V5: W47 | W5: W345 | X5: A345 | Y5: -33.622 | Z5: 0.414 | AA5: -37.578 | AB5: 0.168 | AC5: =Y5-AA5 -> 3.956 | AD5: =SQRT((Z5)^2 + (AB5)^2) -> 0.44678854 | AE5: =AD5^2 -> 0.19962 | AF5: 1.19 | AG5: =(AC5-AF5)^2 -> 7.650756
A6: VRC01 | B6: 100 ns | C6: Heavy Chain | D6: W50 | E6: W348 | F6: A348 | G6: -40.415 | H6: 0.307 | I6: -41.499 | J6: 0.234 | K6: =G6-I6 -> 1.084 | L6: =SQRT((H6)^2 + (J6)^2) -> 0.38601166 | M6: =L6^2 -> 0.149005 | N6: 1.28 | O6: =(K6-N6)^2 -> 0.038416 | S6: VRC01 | T6: 100 ns | U6: Heavy Chain | V6: W50 | W6: W348 | X6: A348 | Y6: -40.415 | Z6: 0.307 | AA6: -41.499 | AB6: 0.234 | AC6: =Y6-AA6 -> 1.084 | AD6: =SQRT((Z6)^2 + (AB6)^2) -> 0.38601166 | AE6: =AD6^2 -> 0.149005 | AF6: 1.28 | AG6: =(AC6-AF6)^2 -> 0.038416
A7: VRC01 | B7: 20 ns | C7: Heavy Chain | D7: G54 | E7: G353 | F7: A353 | G7: 12.587 | H7: 0.145 | I7: 11.454 | J7: 0.09 | K7: =G7-I7 -> 1.133 | L7: =SQRT((H7)^2 + (J7)^2) -> 0.17066048 | M7: =L7^2 -> 0.029125 | N7: -1.28 | O7: =(K7-N7)^2 -> 5.822569 | S7: VRC01 | T7: 20 ns | U7: Heavy Chain | V7: G54 | W7: G353 | X7: A353 | Y7: 12.587 | Z7: 0.145 | AA7: 11.454 | AB7: 0.09 | AC7: =Y7-AA7 -> 1.133 | AD7: =SQRT((Z7)^2 + (AB7)^2) -> 0.17066048 | AE7: =AD7^2 -> 0.029125 | AF7: -1.28 | AG7: =(AC7-AF7)^2 -> 5.822569
A8: VRC01 | B8: 20 ns | C8: Heavy Chain | D8: G55 | E8: G354 | F8: A354 | G8: 15.213 | H8: 0.249 | I8: 13.408 | J8: 0.07 | K8: =G8-I8 -> 1.805 | L8: =SQRT((H8)^2 + (J8)^2) -> 0.25865228 | M8: =L8^2 -> 0.066901 | N8: 1.26 | O8: =(K8-N8)^2 -> 0.297025 | S8: VRC01 | T8: 20 ns | U8: Heavy Chain | V8: G55 | W8: G354 | X8: A354 | Y8: 15.213 | Z8: 0.249 | AA8: 13.408 | AB8: 0.07 | AC8: =Y8-AA8 -> 1.805 | AD8: =SQRT((Z8)^2 + (AB8)^2) -> 0.25865228 | AE8: =AD8^2 -> 0.066901 | AF8: 1.26 | AG8: =(AC8-AF8)^2 -> 0.297025
A9: VRC01 | B9: 20 ns | C9: Heavy Chain | D9: V57 | E9: V356 | F9: A356 | G9: -5.405 | H9: 0.225 | I9: -6.15 | J9: 0.091 | K9: =G9-I9 -> 0.745 | L9: =SQRT((H9)^2 + (J9)^2) -> 0.24270558 | M9: =L9^2 -> 0.058906 | N9: 1.35 | O9: =(K9-N9)^2 -> 0.366025 | S9: VRC01 | T9: 20 ns | U9: Heavy Chain | V9: V57 | W9: V356 | X9: A356 | Y9: -5.405 | Z9: 0.225 | AA9: -6.15 | AB9: 0.091 | AC9: =Y9-AA9 -> 0.745 | AD9: =SQRT((Z9)^2 + (AB9)^2) -> 0.24270558 | AE9: =AD9^2 -> 0.058906 | AF9: 1.35 | AG9: =(AC9-AF9)^2 -> 0.366025
A10: VRC01 | B10: 20 ns | C10: Heavy Chain | D10: N58 | E10: N357 | F10: A357 | G10: 69.421 | H10: 0.413 | I10: 70.144 | J10: 0.026 | K10: =G10-I10 -> -0.723 | L10: =SQRT((H10)^2 + (J10)^2) -> 0.41381759 | M10: =L10^2 -> 0.171245 | N10: 1.76 | O10: =(K10-N10)^2 -> 6.165289 | S10: VRC01 | T10: 20 ns | U10: Heavy Chain | V10: N58 | W10: N357 | X10: A357 | Y10: 69.421 | Z10: 0.413 | AA10: 70.144 | AB10: 0.026 | AC10: =Y10-AA10 -> -0.723 | AD10: =SQRT((Z10)^2 + (AB10)^2) -> 0.41381759 | AE10: =AD10^2 -> 0.171245 | AF10: 1.76 | AG10: =(AC10-AF10)^2 -> 6.165289
A11: VRC01 | B11: 20 ns | C11: Heavy Chain | D11: Y59 | E11: Y358 | F11: A358 | G11: -6.807 | H11: 0.339 | I11: -6.854 | J11: 0.277 | K11: =G11-I11 -> 0.047 | L11: =SQRT((H11)^2 + (J11)^2) -> 0.43777848 | M11: =L11^2 -> 0.19165 | N11: 0.54 | O11: =(K11-N11)^2 -> 0.243049 | S11: VRC01 | T11: 20 ns | U11: Heavy Chain | V11: Y59 | W11: Y358 | X11: A358 | Y11: -6.807 | Z11: 0.339 | AA11: -6.854 | AB11: 0.277 | AC11: =Y11-AA11 -> 0.047 | AD11: =SQRT((Z11)^2 + (AB11)^2) -> 0.43777848 | AE11: =AD11^2 -> 0.19165 | AF11: 0.54 | AG11: =(AC11-AF11)^2 -> 0.243049
A12: VRC01 | B12: 20 ns | C12: Heavy Chain | D12: Q64 | E12: Q363 | F12: A363 | G12: 46.38 | H12: 0.126 | I12: 45.868 | J12: 0.08 | K12: =G12-I12 -> 0.512 | L12: =SQRT((H12)^2 + (J12)^2) -> 0.14925147 | M12: =L12^2 -> 0.022276 | N12: -0.35 | O12: =(K12-N12)^2 -> 0.743044 | S12: VRC01 | T12: 20 ns | U12: Heavy Chain | V12: Q64 | W12: Q363 | X12: A363 | Y12: 46.38 | Z12: 0.126 | AA12: 45.868 | AB12: 0.08 | AC12: =Y12-AA12 -> 0.512 | AD12: =SQRT((Z12)^2 + (AB12)^2) -> 0.14925147 | AE12: =AD12^2 -> 0.022276 | AF12: -0.35 | AG12: =(AC12-AF12)^2 -> 0.743044
A13: VRC01 | B13: 20 ns | C13: Heavy Chain | D13: M69 | E13: M368 | F13: A368 | G13: -2.515 | H13: 0.131 | I13: -2.371 | J13: 0.103 | K13: =G13-I13 -> -0.144 | L13: =SQRT((H13)^2 + (J13)^2) -> 0.16664333 | M13: =L13^2 -> 0.02777 | N13: 0.52 | O13: =(K13-N13)^2 -> 0.440896 | S13: VRC01 | T13: 20 ns | U13: Heavy Chain | V13: M69 | W13: M368 | X13: A368 | Y13: -2.515 | Z13: 0.131 | AA13: -2.371 | AB13: 0.103 | AC13: =Y13-AA13 -> -0.144 | AD13: =SQRT((Z13)^2 + (AB13)^2) -> 0.16664333 | AE13: =AD13^2 -> 0.02777 | AF13: 0.52 | AG13: =(AC13-AF13)^2 -> 0.440896
A14: VRC01 | B14: 20 ns | C14: Heavy Chain | D14: V73 | E14: V372 | F14: A372 | G14: -4.275 | H14: 0.292 | I14: -4.675 | J14: 0.09 | K14: =G14-I14 -> 0.4 | L14: =SQRT((H14)^2 + (J14)^2) -> 0.30555523 | M14: =L14^2 -> 0.093364 | N14: 1.08 | O14: =(K14-N14)^2 -> 0.4624 | S14: VRC01 | T14: 20 ns | U14: Heavy Chain | V14: V73 | W14: V372 | X14: A372 | Y14: -4.275 | Z14: 0.292 | AA14: -4.675 | AB14: 0.09 | AC14: =Y14-AA14 -> 0.4 | AD14: =SQRT((Z14)^2 + (AB14)^2) -> 0.30555523 | AE14: =AD14^2 -> 0.093364 | AF14: 1.08 | AG14: =(AC14-AF14)^2 -> 0.4624
... A42: VRC-PG04 | B42: 20 ns | C42: Heavy Chain | D42: L34 | E42: L332 | F42: A332 | G42: 4.749 | H42: 0.398 | I42: 2.624 | J42: 0.248 | K42: =G42-I42 -> 2.125 | L42: =SQRT((H42)^2 + (J42)^2) -> 0.46894349 | M42: =L42^2 -> 0.219908 | N42: 0.57 | O42: =(K42-N42)^2 -> 2.418025 | S42: VRC-PG04 | T42: 20 ns | U42: Heavy Chain | V42: T99 | W42: T403 | X42: A403 | Y42: 11.613 | Z42: 0.127 | AA42: 10.423 | AB42: 0.135 | AC42: =Y42-AA42 -> 1.19 | AD42: =SQRT((Z42)^2 + (AB42)^2) -> 0.18534832 | AE42: =AD42^2 -> 0.034354 | AF42: -0.43 | AG42: =(AC42-AF42)^2 -> 2.6244
A43: VRC-PG04 | B43: 100 ns | C43: Heavy Chain | D43: W47 | E43: W346 | F43: A346 | G43: -38.622 | H43: 0.701 | I43: -40.955 | J43: 0.219 | K43: =G43-I43 -> 2.333 | L43: =SQRT((H43)^2 + (J43)^2) -> 0.73441269 | M43: =L43^2 -> 0.539362 | N43: 1.07 | O43: =(K43-N43)^2 -> 1.595169 | S43: VRC-PG04 | T43: 20 ns | U43: Light Chain | V43: V3 | W43: V526 | X43: A526 | Y43: -5.105 | Z43: 0.086 | AA43: -5.056 | AB43: 0.051 | AC43: =(Y43-AA43) -> -0.049 | AD43: =SQRT((Z43)^2 + (AB43)^2) -> 0.099984999 | AE43: =AD43^2 -> 0.009997 | AF43: -0.51 | AG43: =(AC43-AF43)^2 -> 0.212521
A44: VRC-PG04 | B44: 100 ns | C44: Heavy Chain | D44: W50 | E44: W349 | F44: A349 | G44: -41.331 | H44: 0.258 | I44: -43.83 | J44: 0.17 | K44: =G44-I44 -> 2.499 | L44: =SQRT((H44)^2 + (J44)^2) -> 0.30897249 | M44: =L44^2 -> 0.095464 | N44: 1.53 | O44: =(K44-N44)^2 -> 0.938961 | AE44: SUM | AG44: SUM
A45: VRC-PG04 | B45: 20 ns | C45: Heavy Chain | D45: V52B | E45: W353 | F45: S353 | G45: -4.309 | H45: 0.234 | I45: -4.296 | J45: 0.048 | K45: =G45-I45 -> -0.013 | L45: =SQRT((H45)^2 + (J45)^2) -> 0.23887235 | M45: =L45^2 -> 0.05706 | N45: -0.82 | O45: =(K45-N45)^2 -> 0.651249 | AE45: =SUM(AE3:AE43) -> 2.986076 | AG45: =SUM(AG3:AG43) -> 46.375331
A46: VRC-PG04 | B46: 20 ns | C46: Heavy Chain | D46: T53 | E46: T354 | F46: A354 | G46: 12.283 | H46: 0.18 | I46: 12.985 | J46: 0.034 | K46: =G46-I46 -> -0.702 | L46: =SQRT((H46)^2 + (J46)^2) -> 0.18318297 | M46: =L46^2 -> 0.033556 | N46: -0.85 | O46: =(K46-N46)^2 -> 0.021904
A47: VRC-PG04 | B47: 20 ns | C47: Heavy Chain | D47: G54 | E47: G355 | F47: A355 | G47: 16.119 | H47: 0.214 | I47: 13.843 | J47: 0.093 | K47: =G47-I47 -> 2.276 | L47: =SQRT((H47)^2 + (J47)^2) -> 0.23333452 | M47: =L47^2 -> 0.054445 | N47: 0.46 | O47: =(K47-N47)^2 -> 3.297856 | AF47: RMSE | AG47: =SQRT(AG45/41) -> 1.0635345
A48: VRC-PG04 | B48: 20 ns | C48: Heavy Chain | D48: V56 | E48: V357 | F48: A357 | G48: -4.789 | H48: 0.093 | I48: -4.982 | J48: 0.019 | K48: =G48-I48 -> 0.193 | L48: =SQRT((H48)^2 + (J48)^2) -> 0.09492102 | M48: =L48^2 -> 0.00901 | N48: 0.99 | O48: =(K48-N48)^2 -> 0.635209 | AF48: Uncertainty | AG48: =SQRT(AE45/41) -> 0.26987242
A49: VRC-PG04 | B49: 20 ns | C49: Heavy Chain | D49: N57 | E49: N358 | F49: A358 | G49: 70.179 | H49: 0.241 | I49: 69.418 | J49: 0.04 | K49: =G49-I49 -> 0.761 | L49: =SQRT((H49)^2 + (J49)^2) -> 0.24429695 | M49: =L49^2 -> 0.059681 | N49: 1.53 | O49: =(K49-N49)^2 -> 0.591361
A50: VRC-PG04 | B50: 20 ns | C50: Heavy Chain | D50: G59 | E50: G360 | F50: A360 | G50: 11.674 | H50: 0.111 | I50: 12.246 | J50: 0.173 | K50: =G50-I50 -> -0.572 | L50: =SQRT((H50)^2 + (J50)^2) -> 0.20554805 | M50: =L50^2 -> 0.04225 | N50: 0.06 | O50: =(K50-N50)^2 -> 0.399424
A51: VRC-PG04 | B51: 20 ns | C51: Heavy Chain | D51: Y98 | E51: Y402 | F51: A402 | G51: -7.727 | H51: 0.343 | I51: -8.286 | J51: 0.099 | K51: =G51-I51 -> 0.559 | L51: =SQRT((H51)^2 + (J51)^2) -> 0.3570014 | M51: =L51^2 -> 0.12745 | N51: 0.47 | O51: =(K51-N51)^2 -> 0.007921
A52: VRC-PG04 | B52: 20 ns | C52: Heavy Chain | D52: T99 | E52: T403 | F52: A403 | G52: 11.613 | H52: 0.127 | I52: 10.423 | J52: 0.135 | K52: =G52-I52 -> 1.19 | L52: =SQRT((H52)^2 + (J52)^2) -> 0.18534832 | M52: =L52^2 -> 0.034354 | N52: -0.43 | O52: =(K52-N52)^2 -> 2.6244
A53: VRC-PG04 | B53: 100 ns | C53: Heavy Chain | D53: G100 | E53: G404 | F53: A404 | G53: 13.137 | H53: 0.168 | I53: 12.03 | J53: 0.122 | K53: =G53-I53 -> 1.107 | L53: =SQRT((H53)^2 + (J53)^2) -> 0.20762466 | M53: =L53^2 -> 0.043108 | N53: -0.27 | O53: =(K53-N53)^2 -> 1.896129
A54: VRC-PG04 | B54: 100 ns | C54: Heavy Chain | D54: G100A | E54: G405 | F54: A405 | G54: 10.42 | H54: 0.05 | I54: 11.746 | J54: 0.171 | K54: =G54-I54 -> -1.326 | L54: =SQRT((H54)^2 + (J54)^2) -> 0.17816004 | M54: =L54^2 -> 0.031741 | N54: -0.63 | O54: =(K54-N54)^2 -> 0.484416
A55: VRC-PG04 | B55: 100 ns | C55: Heavy Chain | D55: G100C | E55: G407 | F55: A407 | G55: 14.385 | H55: 0.055 | I55: 14.123 | J55: 0.159 | K55: =G55-I55 -> 0.262 | L55: =SQRT((H55)^2 + (J55)^2) -> 0.16824387 | M55: =L55^2 -> 0.028306 | N55: 0.19 | O55: =(K55-N55)^2 -> 0.005184
A56: VRC-PG04 | B56: 20 ns | C56: Light Chain | D56: V3 | E56: V526 | F56: A526 | G56: -5.105 | H56: 0.086 | I56: -5.056 | J56: 0.051 | K56: =(G56-I56) -> -0.049 | L56: =SQRT((H56)^2 + (J56)^2) -> 0.099984999 | M56: =L56^2 -> 0.009997 | N56: -0.51 | O56: =(K56-N56)^2 -> 0.212521
A57: VRC-PG04 | B57: 100 ns | C57: Light Chain | D57: Y30 | E57: Y551 | F57: A551 | G57: -8.881 | H57: 0.043 | I57: -8.964 | J57: 0.043 | K57: =(G57-I57) -> 0.083 | L57: =SQRT((H57)^2 + (J57)^2) -> 0.060811183 | M57: =L57^2 -> 0.003698 | N57: 1.13 | O57: =(K57-N57)^2 -> 1.096209
A58: VRC-PG04 | B58: 100 ns | C58: Light Chain | D58: G31 | E58: G552 | F58: A552 | G58: 12.08 | H58: 0.26 | I58: 11.585 | J58: 0.122 | K58: =(G58-I58) -> 0.495 | L58: =SQRT((H58)^2 + (J58)^2) -> 0.28720028 | M58: =L58^2 -> 0.082484 | N58: 0.47 | O58: =(K58-N58)^2 -> 0.000625
A59: VRC-PG04 | B59: 100 ns | C59: Light Chain | D59: L91 | E59: L612 | F59: A612 | G59: 7.536 | H59: 0.108 | I59: 6.286 | J59: 0.091 | K59: =(G59-I59) -> 1.25 | L59: =SQRT((H59)^2 + (J59)^2) -> 0.14122677 | M59: =L59^2 -> 0.019945 | N59: 0.97 | O59: =(K59-N59)^2 -> 0.0784
A60: VRC-PG04 | B60: 100 ns | C60: Light Chain | D60: F97 | E60: F614 | F60: A614 | G60: -24.761 | H60: 0.145 | I60: -24.088 | J60: 0.092 | K60: =(G60-I60) -> -0.673 | L60: =SQRT((H60)^2 + (J60)^2) -> 0.17172362 | M60: =L60^2 -> 0.029489 | N60: 0.02 | O60: =(K60-N60)^2 -> 0.480249
M61: SUM | O61: SUM
M62: =SUM(M3:M60) -> 5.210611 | O62: =SUM(O3:O60) -> 77.287919
N64: RMSE | O64: =SQRT(O62/58) -> 1.1543614
N65: Uncertainty | O65: =SQRT(M62/58) -> 0.29973008

Sheet Truncated VRC01- Glycan Present
A1: 20 ns -All Without G Present
A2: Time | B2: Chain | C2: Residue Number | D2: Mutation | E2: Alanine | F2: DG-Complex | G2: Uncertainty-Complex | H2: DG-Antibody | I2: Uncertainty-Antibody | J2: DDG | K2: Uncertainty | L2: Uncertainty^2 | M2: Database | N2: Squared Error
A3: 20 ns | B3: Heavy Chain | C3: I30 | D3: I328 | E3: A328 | F3: -12.409 | G3: 0.209 | H3: -13.033 | I3: 0.202 | J3: =F3-H3 -> 0.624 | K3: =SQRT((G3)^2 + (I3)^2) -> 0.29066304 | L3: =K3^2 -> 0.084485 | M3: -0.01 | N3: =(J3-M3)^2 -> 0.401956
A4: 20 ns | B4: Heavy Chain | C4: T33 | D4: T331 | E4: A331 | F4: 11.23 | G4: 0.182 | H4: 11.393 | I4: 0.092 | J4: =F4-H4 -> -0.163 | K4: =SQRT((G4)^2 + (I4)^2) -> 0.20393136 | L4: =K4^2 -> 0.041588 | M4: 0.7 | N4: =(J4-M4)^2 -> 0.744769
A5: 20 ns | B5: Heavy Chain | C5: W47 | D5: W345 | E5: A345 | F5: -33.622 | G5: 0.414 | H5: -37.578 | I5: 0.168 | J5: =F5-H5 -> 3.956 | K5: =SQRT((G5)^2 + (I5)^2) -> 0.44678854 | L5: =K5^2 -> 0.19962 | M5: 1.19 | N5: =(J5-M5)^2 -> 7.650756
A6: 100 ns | B6: Heavy Chain | C6: W50 | D6: W348 | E6: A348 | F6: -40.415 | G6: 0.307 | H6: -41.499 | I6: 0.234 | J6: =F6-H6 -> 1.084 | K6: =SQRT((G6)^2 + (I6)^2) -> 0.38601166 | L6: =K6^2 -> 0.149005 | M6: 1.28 | N6: =(J6-M6)^2 -> 0.038416
A7: 20 ns | B7: Heavy Chain | C7: G54 | D7: G353 | E7: A353 | F7: 12.587 | G7: 0.145 | H7: 11.454 | I7: 0.09 | J7: =F7-H7 -> 1.133 | K7: =SQRT((G7)^2 + (I7)^2) -> 0.17066048 | L7: =K7^2 -> 0.029125 | M7: -1.28 | N7: =(J7-M7)^2 -> 5.822569
A8: 20 ns | B8: Heavy Chain | C8: G55 | D8: G354 | E8: A354 | F8: 15.213 | G8: 0.249 | H8: 13.408 | I8: 0.07 | J8: =F8-H8 -> 1.805 | K8: =SQRT((G8)^2 + (I8)^2) -> 0.25865228 | L8: =K8^2 -> 0.066901 | M8: 1.26 | N8: =(J8-M8)^2 -> 0.297025
A9: 20 ns | B9: Heavy Chain | C9: V57 | D9: V356 | E9: A356 | F9: -5.405 | G9: 0.225 | H9: -6.15 | I9: 0.091 | J9: =F9-H9 -> 0.745 | K9: =SQRT((G9)^2 + (I9)^2) -> 0.24270558 | L9: =K9^2 -> 0.058906 | M9: 1.35 | N9: =(J9-M9)^2 -> 0.366025
A10: 20 ns | B10: Heavy Chain | C10: N58 | D10: N357 | E10: A357 | F10: 69.421 | G10: 0.413 | H10: 70.144 | I10: 0.026 | J10: =F10-H10 -> -0.723 | K10: =SQRT((G10)^2 + (I10)^2) -> 0.41381759 | L10: =K10^2 -> 0.171245 | M10: 1.76 | N10: =(J10-M10)^2 -> 6.165289
A11: 20 ns | B11: Heavy Chain | C11: Y59 | D11: Y358 | E11: A358 | F11: -6.807 | G11: 0.339 | H11: -6.854 | I11: 0.277 | J11: =F11-H11 -> 0.047 | K11: =SQRT((G11)^2 + (I11)^2) -> 0.43777848 | L11: =K11^2 -> 0.19165 | M11: 0.54 | N11: =(J11-M11)^2 -> 0.243049
A12: 20 ns | B12: Heavy Chain | C12: Q64 | D12: Q363 | E12: A363 | F12: 46.38 | G12: 0.126 | H12: 45.868 | I12: 0.08 | J12: =F12-H12 -> 0.512 | K12: =SQRT((G12)^2 + (I12)^2) -> 0.14925147 | L12: =K12^2 -> 0.022276 | M12: -0.35 | N12: =(J12-M12)^2 -> 0.743044
A13: 20 ns | B13: Heavy Chain | C13: M69 | D13: M368 | E13: A368 | F13: -2.515 | G13: 0.131 | H13: -2.371 | I13: 0.103 | J13: =F13-H13 -> -0.144 | K13: =SQRT((G13)^2 + (I13)^2) -> 0.16664333 | L13: =K13^2 -> 0.02777 | M13: 0.52 | N13: =(J13-M13)^2 -> 0.440896
A14: 20 ns | B14: Heavy Chain | C14: V73 | D14: V372 | E14: A372 | F14: -4.275 | G14: 0.292 | H14: -4.675 | I14: 0.09 | J14: =F14-H14 -> 0.4 | K14: =SQRT((G14)^2 + (I14)^2) -> 0.30555523 | L14: =K14^2 -> 0.093364 | M14: 1.08 | N14: =(J14-M14)^2 -> 0.4624
... A24: 20 ns | B24: Light Chain | C24: V3 | D24: V525 | E24: A525 | F24: -11.115 | G24: 0.283 | H24: -10.105 | I24: 0.123 | J24: =F24-H24 -> -1.01 | K24: =SQRT((G24)^2 + (I24)^2) -> 0.30857414 | L24: =K24^2 -> 0.095218 | M24: -0.78 | N24: =(J24-M24)^2 -> 0.0529
L25: SUM | N25: SUM
L26: =SUM(L3:L24) -> 1.739647 | N26: =SUM(N3:N24) -> 27.720603
M28: RMSE | N28: =SQRT(N26/22) -> 1.1225094
M29: Uncertainty | N29: =SQRT(L26/22) -> 0.28120253
A31: Without G Present
A32: Time | B32: Chain | C32: Residue Number | D32: Mutation | E32: Alanine | F32: DG-Complex | G32: Uncertainty-Complex | H32: DG-Antibody | I32: Uncertainty-Antibody | J32: DDG | K32: Uncertainty | L32: Uncertainty^2 | M32: Database | N32: Squared Error
A33: 100 ns | B33: Heavy Chain | C33: Y100 | D33: Y402 | E33: A402 | F33: -8.488 | G33: 0.107 | H33: -9.178 | I33: 0.229 | J33: =F33-H33 -> 0.69 | K33: =SQRT((G33)^2 + (I33)^2) -> 0.25276471 | L33: =K33^2 -> 0.06389 | M33: 1.42 | N33: =(J33-M33)^2 -> 0.5329
A34: 100 ns | B34: Light Chain | C34: Y28 | D34: Y550 | E34: A550 | F34: -8.877 | G34: 0.029 | H34: -8.448 | I34: 0.115 | J34: =F34-H34 -> -0.429 | K34: =SQRT((G34)^2 + (I34)^2) -> 0.11860017 | L34: =K34^2 -> 0.014066 | M34: 0.97 | N34: =(J34-M34)^2 -> 1.957201
A35: 100 ns | B35: Light Chain | C35: S30 | D35: S552 | E35: A552 | F35: -8.381 | G35: 0.062 | H35: -8.229 | I35: 0.073 | J35: =F35-H35 -> -0.152 | K35: =SQRT((G35)^2 + (I35)^2) -> 0.09577578 | L35: =K35^2 -> 0.009173 | M35: -0.15 | N35: =(J35-M35)^2 -> 4e-06
A36: 100 ns | B36: Light Chain | C36: Y91 | D36: Y611 | E36: A611 | F36: -5.702 | G36: 0.241 | H36: -7.963 | I36: 0.096 | J36: =F36-H36 -> 2.261 | K36: =SQRT((G36)^2 + (I36)^2) -> 0.25941665 | L36: =K36^2 -> 0.067297 | M36: 2.01 | N36: =(J36-M36)^2 -> 0.063001
A40: With G Present
A41: Time | B41: Chain | C41: Residue Number | D41: Mutation | E41: Alanine | F41: DG-Complex | G41: Uncertainty-Complex | H41: DG-Antibody | I41: Uncertainty-Antibody | J41: DDG | K41: Uncertainty | L41: Uncertainty^2 | M41: Database | N41: Squared Error | O41: Convergence Status
A42: 100 ns | B42: Heavy Chain | C42: Y100 | D42: Y402 | E42: A402 | F42: -8.839 | G42: 0.2878906 | H42: -9.178 | I42: 0.229 | J42: =(F42-H42) -> 0.339 | K42: =SQRT((G42)^2 + (I42)^2) -> 0.36786138 | L42: =K42^2 -> 0.135322 | M42: 1.42 | N42: =(J42-M42)^2 -> 1.168561 | O42: Complex Converged after 2nd 100 ns
A43: 100 ns | B43: Light Chain | C43: Y28 | D43: Y550 | E43: A550 | F43: -8.954 | G43: 0.03827532 | H43: -8.448 | I43: 0.115 | J43: =(F43-H43) -> -0.506 | K43: =SQRT((G43)^2 + (I43)^2) -> 0.12120231 | L43: =K43^2 -> 0.01469 | M43: 0.97 | N43: =(J43-M43)^2 -> 2.178576 | O43: Complex Converged after 1st 100 ns
A44: 100 ns | B44: Light Chain | C44: S30 | D44: S552 | E44: A552 | F44: -8.358 | G44: 0.12831602 | H44: -8.229 | I44: 0.073 | J44: =(F44-H44) -> -0.129 | K44: =SQRT((G44)^2 + (I44)^2) -> 0.14762791 | L44: =K44^2 -> 0.021794001 | M44: -0.15 | N44: =(J44-M44)^2 -> 0.000441 | O44: Complex Converged after 1st 100 ns
A45: 100 ns | B45: Light Chain | C45: Y91 | D45: Y611 | E45: A611 | F45: -6.275 | G45: 0.26986293 | H45: -7.963 | I45: 0.096 | J45: =(F45-H45) -> 1.688 | K45: =SQRT((G45)^2 + (I45)^2) -> 0.28642975 | L45: =K45^2 -> 0.082042001 | M45: 2.01 | N45: =(J45-M45)^2 -> 0.103684 | O45: Complex Converged after 1st 100 ns
A50: 20 ns -All With G Present
A51: Time | B51: Chain | C51: Residue Number | D51: Mutation | E51: Alanine | F51: DG-Complex | G51: Uncertainty-Complex | H51: DG-Antibody | I51: Uncertainty-Antibody | J51: DDG | K51: Uncertainty | L51: Uncertainty^2 | M51: Database | N51: Squared Error
A52: 20 ns | B52: Heavy Chain | C52: I30 | D52: I328 | E52: A328 | F52: -12.409 | G52: 0.209 | H52: -13.033 | I52: 0.202 | J52: =F52-H52 -> 0.624 | K52: =SQRT((G52)^2 + (I52)^2) -> 0.29066304 | L52: =K52^2 -> 0.084485 | M52: -0.01 | N52: =(J52-M52)^2 -> 0.401956
A53: 20 ns | B53: Heavy Chain | C53: T33 | D53: T331 | E53: A331 | F53: 11.23 | G53: 0.182 | H53: 11.393 | I53: 0.092 | J53: =F53-H53 -> -0.163 | K53: =SQRT((G53)^2 + (I53)^2) -> 0.20393136 | L53: =K53^2 -> 0.041588 | M53: 0.7 | N53: =(J53-M53)^2 -> 0.744769
A54: 20 ns | B54: Heavy Chain | C54: W47 | D54: W345 | E54: A345 | F54: -33.622 | G54: 0.414 | H54: -37.578 | I54: 0.168 | J54: =F54-H54 -> 3.956 | K54: =SQRT((G54)^2 + (I54)^2) -> 0.44678854 | L54: =K54^2 -> 0.19962 | M54: 1.19 | N54: =(J54-M54)^2 -> 7.650756
A55: 100 ns | B55: Heavy Chain | C55: W50 | D55: W348 | E55: A348 | F55: -40.415 | G55: 0.307 | H55: -41.499 | I55: 0.234 | J55: =F55-H55 -> 1.084 | K55: =SQRT((G55)^2 + (I55)^2) -> 0.38601166 | L55: =K55^2 -> 0.149005 | M55: 1.28 | N55: =(J55-M55)^2 -> 0.038416
A56: 20 ns | B56: Heavy Chain | C56: G54 | D56: G353 | E56: A353 | F56: 12.587 | G56: 0.145 | H56: 11.454 | I56: 0.09 | J56: =F56-H56 -> 1.133 | K56: =SQRT((G56)^2 + (I56)^2) -> 0.17066048 | L56: =K56^2 -> 0.029125 | M56: -1.28 | N56: =(J56-M56)^2 -> 5.822569
A57: 20 ns | B57: Heavy Chain | C57: G55 | D57: G354 | E57: A354 | F57: 15.213 | G57: 0.249 | H57: 13.408 | I57: 0.07 | J57: =F57-H57 -> 1.805 | K57: =SQRT((G57)^2 + (I57)^2) -> 0.25865228 | L57: =K57^2 -> 0.066901 | M57: 1.26 | N57: =(J57-M57)^2 -> 0.297025
A58: 20 ns | B58: Heavy Chain | C58: V57 | D58: V356 | E58: A356 | F58: -5.405 | G58: 0.225 | H58: -6.15 | I58: 0.091 | J58: =F58-H58 -> 0.745 | K58: =SQRT((G58)^2 + (I58)^2) -> 0.24270558 | L58: =K58^2 -> 0.058906 | M58: 1.35 | N58: =(J58-M58)^2 -> 0.366025
A59: 20 ns | B59: Heavy Chain | C59: N58 | D59: N357 | E59: A357 | F59: 69.421 | G59: 0.413 | H59: 70.144 | I59: 0.026 | J59: =F59-H59 -> -0.723 | K59: =SQRT((G59)^2 + (I59)^2) -> 0.41381759 | L59: =K59^2 -> 0.171245 | M59: 1.76 | N59: =(J59-M59)^2 -> 6.165289
A60: 20 ns | B60: Heavy Chain | C60: Y59 | D60: Y358 | E60: A358 | F60: -6.807 | G60: 0.339 | H60: -6.854 | I60: 0.277 | J60: =F60-H60 -> 0.047 | K60: =SQRT((G60)^2 + (I60)^2) -> 0.43777848 | L60: =K60^2 -> 0.19165 | M60: 0.54 | N60: =(J60-M60)^2 -> 0.243049
A61: 20 ns | B61: Heavy Chain | C61: Q64 | D61: Q363 | E61: A363 | F61: 46.38 | G61: 0.126 | H61: 45.868 | I61: 0.08 | J61: =F61-H61 -> 0.512 | K61: =SQRT((G61)^2 + (I61)^2) -> 0.14925147 | L61: =K61^2 -> 0.022276 | M61: -0.35 | N61: =(J61-M61)^2 -> 0.743044
A62: 20 ns | B62: Heavy Chain | C62: M69 | D62: M368 | E62: A368 | F62: -2.515 | G62: 0.131 | H62: -2.371 | I62: 0.103 | J62: =F62-H62 -> -0.144 | K62: =SQRT((G62)^2 + (I62)^2) -> 0.16664333 | L62: =K62^2 -> 0.02777 | M62: 0.52 | N62: =(J62-M62)^2 -> 0.440896
A63: 20 ns | B63: Heavy Chain | C63: V73 | D63: V372 | E63: A372 | F63: -4.275 | G63: 0.292 | H63: -4.675 | I63: 0.09 | J63: =F63-H63 -> 0.4 | K63: =SQRT((G63)^2 + (I63)^2) -> 0.30555523 | L63: =K63^2 -> 0.093364 | M63: 1.08 | N63: =(J63-M63)^2 -> 0.4624
... A68: 20 ns | B68: Light Chain | C68: Q27 | D68: Q549 | E68: A549 | F68: 46.597 | G68: 0.138 | H68: 46.381 | I68: 0.076 | J68: =F68-H68 -> 0.216 | K68: =SQRT((G68)^2 + (I68)^2) -> 0.15754364 | L68: =K68^2 -> 0.02482 | M68: -0.24 | N68: =(J68-M68)^2 -> 0.207936
A69: 100 ns | B69: Light Chain | C69: Y28 | D69: Y550 | E69: A550 | F69: -8.954 | G69: 0.03827532 | H69: -8.448 | I69: 0.115 | J69: =(F69-H69) -> -0.506 | K69: =SQRT((G69)^2 + (I69)^2) -> 0.12120231 | L69: =K69^2 -> 0.01469 | M69: 0.97 | N69: =(J69-M69)^2 -> 2.178576
A70: 100 ns | B70: Light Chain | C70: S30 | D70: S552 | E70: A552 | F70: -8.358 | G70: 0.12831602 | H70: -8.229 | I70: 0.073 | J70: =(F70-H70) -> -0.129 | K70: =SQRT((G70)^2 + (I70)^2) -> 0.14762791 | L70: =K70^2 -> 0.021794001 | M70: -0.15 | N70: =(J70-M70)^2 -> 0.000441
A71: 100 ns | B71: Light Chain | C71: Y91 | D71: Y611 | E71: A611 | F71: -6.275 | G71: 0.26986293 | H71: -7.963 | I71: 0.096 | J71: =(F71-H71) -> 1.688 | K71: =SQRT((G71)^2 + (I71)^2) -> 0.28642975 | L71: =K71^2 -> 0.082042001 | M71: 2.01 | N71: =(J71-M71)^2 -> 0.103684
A72: 20 ns | B72: Light Chain | C72: F97 | D72: F613 | E72: A613 | F72: -23.72 | G72: 0.117 | H72: -23.589 | I72: 0.141 | J72: =F72-H72 -> -0.131 | K72: =SQRT((G72)^2 + (I72)^2) -> 0.18322118 | L72: =K72^2 -> 0.03357 | M72: 0.85 | N72: =(J72-M72)^2 -> 0.962361
A73: 20 ns | B73: Light Chain | C73: V3 | D73: V525 | E73: A525 | F73: -11.115 | G73: 0.283 | H73: -10.105 | I73: 0.123 | J73: =F73-H73 -> -1.01 | K73: =SQRT((G73)^2 + (I73)^2) -> 0.30857414 | L73: =K73^2 -> 0.095218 | M73: -0.78 | N73: =(J73-M73)^2 -> 0.0529
L74: SUM | N74: SUM
L75: =SUM(L52:L73) -> 1.839069 | N75: =SUM(N52:N73) -> 28.618759
M77: RMSE | N77: =SQRT(N75/22) -> 1.1405493
M78: Uncertainty | N78: =SQRT(L75/22) -> 0.28912635

Sheet Truncated VRC03- Glycan Present
A1: 20 ns - All Without G Present
A2: Time | B2: Chain | C2: Residue Number | D2: Mutation | E2: Alanine | F2: DG-Complex | G2: Uncertainty-Complex | H2: DG-Antibody | I2: Uncertainty-Antibody | J2: DDG | K2: Uncertainty | L2: Uncertainty^2 | M2: Database | N2: Squared Error
A3: 100 ns | B3: Heavy Chain | C3: W47 | D3: W345 | E3: A345 | F3: -32.768 | G3: 0.253 | H3: -37.601 | I3: 0.17 | J3: =F3-H3 -> 4.833 | K3: =SQRT((G3)^2 + (I3)^2) -> 0.30480978 | L3: =K3^2 -> 0.092909 | M3: 1.48 | N3: =(J3-M3)^2 -> 11.242609
A4: 100 ns | B4: Heavy Chain | C4: W50 | D4: W348 | E4: A348 | F4: -40.854 | G4: 0.308 | H4: -42.294 | I4: 0.098 | J4: =F4-H4 -> 1.44 | K4: =SQRT((G4)^2 + (I4)^2) -> 0.3232151 | L4: =K4^2 -> 0.104468 | M4: 1.33 | N4: =(J4-M4)^2 -> 0.0121
A5: 20 ns | B5: Heavy Chain | C5: L54 | D5: L352 | E5: A352 | F5: 5.507 | G5: 0.385 | H5: 6.383 | I5: 0.164 | J5: =F5-H5 -> -0.876 | K5: =SQRT((G5)^2 + (I5)^2) -> 0.41847461 | L5: =K5^2 -> 0.175121 | M5: 0.05 | N5: =(J5-M5)^2 -> 0.857476
A6: 100 ns | B6: Heavy Chain | C6: W55 | D6: W353 | E6: A353 | F6: -39.873 | G6: 0.339 | H6: -42.363 | I6: 0.047 | J6: =F6-H6 -> 2.49 | K6: =SQRT((G6)^2 + (I6)^2) -> 0.3422426 | L6: =K6^2 -> 0.11713 | M6: 0.76 | N6: =(J6-M6)^2 -> 2.9929
A7: 20 ns | B7: Heavy Chain | C7: G56 | D7: G354 | E7: A354 | F7: 15.722 | G7: 0.171 | H7: 13.2 | I7: 0.107 | J7: =F7-H7 -> 2.522 | K7: =SQRT((G7)^2 + (I7)^2) -> 0.20171762 | L7: =K7^2 -> 0.04069 | M7: 0.35 | N7: =(J7-M7)^2 -> 4.717584
A8: 20 ns | B8: Heavy Chain | C8: V58 | D8: V356 | E8: A356 | F8: -5.315 | G8: 0.23 | H8: -5.753 | I8: 0.077 | J8: =F8-H8 -> 0.438 | K8: =SQRT((G8)^2 + (I8)^2) -> 0.2425469 | L8: =K8^2 -> 0.058829 | M8: 1.25 | N8: =(J8-M8)^2 -> 0.659344
A9: 20 ns | B9: Heavy Chain | C9: S59 | D9: S357 | E9: A357 | F9: -5.461 | G9: 0.069 | H9: -6.91 | I9: 0.045 | J9: =F9-H9 -> 1.449 | K9: =SQRT((G9)^2 + (I9)^2) -> 0.082377181 | L9: =K9^2 -> 0.006786 | M9: 1.15 | N9: =(J9-M9)^2 -> 0.089401
A10: 20 ns | B10: Heavy Chain | C10: Y60 | D10: Y358 | E10: A358 | F10: -5.761 | G10: 0.127 | H10: -5.878 | I10: 0.345 | J10: =F10-H10 -> 0.117 | K10: =SQRT((G10)^2 + (I10)^2) -> 0.36763297 | L10: =K10^2 -> 0.135154 | M10: 0.86 | N10: =(J10-M10)^2 -> 0.552049
A11: 20 ns | B11: Heavy Chain | C11: Q63 | D11: Q361 | E11: A361 | F11: 47.467 | G11: 0.094 | H11: 46.307 | I11: 0.044 | J11: =F11-H11 -> 1.16 | K11: =SQRT((G11)^2 + (I11)^2) -> 0.10378825 | L11: =K11^2 -> 0.010772 | M11: 1.11 | N11: =(J11-M11)^2 -> 0.0025
A12: 20 ns | B12: Heavy Chain | C12: Q65 | D12: Q363 | E12: A363 | F12: 46.467 | G12: 0.204 | H12: 45.91 | I12: 0.047 | J12: =F12-H12 -> 0.557 | K12: =SQRT((G12)^2 + (I12)^2) -> 0.20934421 | L12: =K12^2 -> 0.043825 | M12: 0.55 | N12: =(J12-M12)^2 -> 4.9e-05
A13: 20 ns | B13: Heavy Chain | C13: Q76 | D13: Q374 | E13: A374 | F13: 46.451 | G13: 0.059 | H13: 46.647 | I13: 0.035 | J13: =F13-H13 -> -0.196 | K13: =SQRT((G13)^2 + (I13)^2) -> 0.068600292 | L13: =K13^2 -> 0.004706 | M13: 0.09 | N13: =(J13-M13)^2 -> 0.081796
A14: 20 ns | B14: Heavy Chain | C14: Y111 | D14: Y409 | E14: A409 | F14: -8.458 | G14: 0.1 | H14: -8.694 | I14: 0.131 | J14: =F14-H14 -> 0.236 | K14: =SQRT((G14)^2 + (I14)^2) -> 0.16480595 | L14: =K14^2 -> 0.027161 | M14: 0.83 | N14: =(J14-M14)^2 -> 0.352836
... A19: 100 ns | B19: Light Chain | C19: F92 | D19: F623 | E19: A623 | F19: -22.321 | G19: 0.113 | H19: -24.714 | I19: 0.24 | J19: =F19-H19 -> 2.393 | K19: =SQRT((G19)^2 + (I19)^2) -> 0.26527156 | L19: =K19^2 -> 0.070369 | M19: 0.83 | N19: =(J19-M19)^2 -> 2.442969
L20: SUM | N20: SUM
L21: =SUM(L3:L19) -> 1.949656 | N21: =SUM(N3:N19) -> 32.132104
M23: RMSE | N23: =SQRT(N21/17) -> 1.3748177
M24: Uncertainty | N24: =SQRT(L21/17) -> 0.33865269
A27: Without G Present
A28: Time | B28: Chain | C28: Residue Number | D28: Mutation | E28: Alanine | F28: DG-Complex | G28: Uncertainty-Complex | H28: DG-Antibody | I28: Uncertainty-Antibody | J28: DDG | K28: Uncertainty | L28: Uncertainty^2 | M28: Database | N28: Squared Error
A29: 100 ns | B29: Heavy Chain | C29: W47 | D29: W345 | E29: A345 | F29: -32.768 | G29: 0.253 | H29: -37.601 | I29: 0.17 | J29: =F29-H29 -> 4.833 | K29: =SQRT((G29)^2 + (I29)^2) -> 0.30480978 | L29: =K29^2 -> 0.092909 | M29: 1.48 | N29: =(J29-M29)^2 -> 11.242609
A30: 100 ns | B30: Heavy Chain | C30: F115 | D30: F413 | E30: A413 | F30: -19.974 | G30: 0.986 | H30: -22.345 | I30: 0.19 | J30: =F30-H30 -> 2.371 | K30: =SQRT((G30)^2 + (I30)^2) -> 1.0041394 | L30: =K30^2 -> 1.008296 | M30: 1.07 | N30: =(J30-M30)^2 -> 1.692601
A31: 100 ns | B31: Light Chain | C31: F90 | D31: F621 | E31: A621 | F31: -23.031 | G31: 0.143 | H31: -24.692 | I31: 0.067 | J31: =F31-H31 -> 1.661 | K31: =SQRT((G31)^2 + (I31)^2) -> 0.1579177 | L31: =K31^2 -> 0.024938 | M31: -0.87 | N31: =(J31-M31)^2 -> 6.405961
A32: 100 ns | B32: Light Chain | C32: F92 | D32: F623 | E32: A623 | F32: -22.321 | G32: 0.113 | H32: -24.714 | I32: 0.24 | J32: =F32-H32 -> 2.393 | K32: =SQRT((G32)^2 + (I32)^2) -> 0.26527156 | L32: =K32^2 -> 0.070369 | M32: 0.83 | N32: =(J32-M32)^2 -> 2.442969
A37: With G Present
A38: Time | B38: Chain | C38: Residue Number | D38: Mutation | E38: Alanine | F38: DG-Complex | G38: Uncertainty-Complex | H38: DG-Antibody | I38: Uncertainty-Antibody | J38: DDG | K38: Uncertainty | L38: Uncertainty^2 | M38: Database | N38: Squared Error | O38: Convergence Status
A39: 100 ns | B39: Heavy Chain | C39: W47 | D39: W345 | E39: A345 | F39: -32.84 | G39: 0.185 | H39: -37.601 | I39: 0.17 | J39: =F39-H39 -> 4.761 | K39: =SQRT((G39)^2 + (I39)^2) -> 0.25124689 | L39: =K39^2 -> 0.063125 | M39: 1.48 | N39: =(J39-M39)^2 -> 10.764961 | O39: Complex averaged over 1st,2nd, and 3rd 100 ns
A40: 100 ns | B40: Heavy Chain | C40: F115 | D40: F413 | E40: A413 | F40: -22.283 | G40: 0.334 | H40: -22.345 | I40: 0.19 | J40: =F40-H40 -> 0.062 | K40: =SQRT((G40)^2 + (I40)^2) -> 0.38426033 | L40: =K40^2 -> 0.147656 | M40: 1.07 | N40: =(J40-M40)^2 -> 1.016064 | O40: Complex Converged after 1st 100 ns
A41: 100 ns | B41: Light Chain | C41: F90 | D41: F621 | E41: A621 | F41: -23.221 | G41: 0.124 | H41: -24.692 | I41: 0.067 | J41: =F41-H41 -> 1.471 | K41: =SQRT((G41)^2 + (I41)^2) -> 0.14094325 | L41: =K41^2 -> 0.019865 | M41: -0.87 | N41: =(J41-M41)^2 -> 5.480281 | O41: Complex Converged after 2nd 100 ns
A42: 100 ns | B42: Light Chain | C42: F92 | D42: F623 | E42: A623 | F42: -23.776 | G42: 0.285 | H42: -24.714 | I42: 0.24 | J42: =F42-H42 -> 0.938 | K42: =SQRT((G42)^2 + (I42)^2) -> 0.37259227 | L42: =K42^2 -> 0.138825 | M42: 0.83 | N42: =(J42-M42)^2 -> 0.011664 | O42: Complex Converged after 1st 100 ns
A46: 20 ns - All With G Present
A47: Time | B47: Chain | C47: Residue Number | D47: Mutation | E47: Alanine | F47: DG-Complex | G47: Uncertainty-Complex | H47: DG-Antibody | I47: Uncertainty-Antibody | J47: DDG | K47: Uncertainty | L47: Uncertainty^2 | M47: Database | N47: Squared Error
A48: 100 ns | B48: Heavy Chain | C48: W47 | D48: W345 | E48: A345 | F48: -32.84 | G48: 0.185 | H48: -37.601 | I48: 0.17 | J48: =F48-H48 -> 4.761 | K48: =SQRT((G48)^2 + (I48)^2) -> 0.25124689 | L48: =K48^2 -> 0.063125 | M48: 1.48 | N48: =(J48-M48)^2 -> 10.764961
A49: 100 ns | B49: Heavy Chain | C49: W50 | D49: W348 | E49: A348 | F49: -40.854 | G49: 0.308 | H49: -42.294 | I49: 0.098 | J49: =F49-H49 -> 1.44 | K49: =SQRT((G49)^2 + (I49)^2) -> 0.3232151 | L49: =K49^2 -> 0.104468 | M49: 1.33 | N49: =(J49-M49)^2 -> 0.0121
A50: 20 ns | B50: Heavy Chain | C50: L54 | D50: L352 | E50: A352 | F50: 5.507 | G50: 0.385 | H50: 6.383 | I50: 0.164 | J50: =F50-H50 -> -0.876 | K50: =SQRT((G50)^2 + (I50)^2) -> 0.41847461 | L50: =K50^2 -> 0.175121 | M50: 0.05 | N50: =(J50-M50)^2 -> 0.857476
A51: 100 ns | B51: Heavy Chain | C51: W55 | D51: W353 | E51: A353 | F51: -39.873 | G51: 0.339 | H51: -42.363 | I51: 0.047 | J51: =F51-H51 -> 2.49 | K51: =SQRT((G51)^2 + (I51)^2) -> 0.3422426 | L51: =K51^2 -> 0.11713 | M51: 0.76 | N51: =(J51-M51)^2 -> 2.9929
A52: 20 ns | B52: Heavy Chain | C52: G56 | D52: G354 | E52: A354 | F52: 15.722 | G52: 0.171 | H52: 13.2 | I52: 0.107 | J52: =F52-H52 -> 2.522 | K52: =SQRT((G52)^2 + (I52)^2) -> 0.20171762 | L52: =K52^2 -> 0.04069 | M52: 0.35 | N52: =(J52-M52)^2 -> 4.717584
A53: 20 ns | B53: Heavy Chain | C53: V58 | D53: V356 | E53: A356 | F53: -5.315 | G53: 0.23 | H53: -5.753 | I53: 0.077 | J53: =F53-H53 -> 0.438 | K53: =SQRT((G53)^2 + (I53)^2) -> 0.2425469 | L53: =K53^2 -> 0.058829 | M53: 1.25 | N53: =(J53-M53)^2 -> 0.659344
A54: 20 ns | B54: Heavy Chain | C54: S59 | D54: S357 | E54: A357 | F54: -5.461 | G54: 0.069 | H54: -6.91 | I54: 0.045 | J54: =F54-H54 -> 1.449 | K54: =SQRT((G54)^2 + (I54)^2) -> 0.082377181 | L54: =K54^2 -> 0.006786 | M54: 1.15 | N54: =(J54-M54)^2 -> 0.089401
A55: 20 ns | B55: Heavy Chain | C55: Y60 | D55: Y358 | E55: A358 | F55: -5.761 | G55: 0.127 | H55: -5.878 | I55: 0.345 | J55: =F55-H55 -> 0.117 | K55: =SQRT((G55)^2 + (I55)^2) -> 0.36763297 | L55: =K55^2 -> 0.135154 | M55: 0.86 | N55: =(J55-M55)^2 -> 0.552049
A56: 20 ns | B56: Heavy Chain | C56: Q63 | D56: Q361 | E56: A361 | F56: 47.467 | G56: 0.094 | H56: 46.307 | I56: 0.044 | J56: =F56-H56 -> 1.16 | K56: =SQRT((G56)^2 + (I56)^2) -> 0.10378825 | L56: =K56^2 -> 0.010772 | M56: 1.11 | N56: =(J56-M56)^2 -> 0.0025
A57: 20 ns | B57: Heavy Chain | C57: Q65 | D57: Q363 | E57: A363 | F57: 46.467 | G57: 0.204 | H57: 45.91 | I57: 0.047 | J57: =F57-H57 -> 0.557 | K57: =SQRT((G57)^2 + (I57)^2) -> 0.20934421 | L57: =K57^2 -> 0.043825 | M57: 0.55 | N57: =(J57-M57)^2 -> 4.9e-05
A58: 20 ns | B58: Heavy Chain | C58: Q76 | D58: Q374 | E58: A374 | F58: 46.451 | G58: 0.059 | H58: 46.647 | I58: 0.035 | J58: =F58-H58 -> -0.196 | K58: =SQRT((G58)^2 + (I58)^2) -> 0.068600292 | L58: =K58^2 -> 0.004706 | M58: 0.09 | N58: =(J58-M58)^2 -> 0.081796
A59: 20 ns | B59: Heavy Chain | C59: Y111 | D59: Y409 | E59: A409 | F59: -8.458 | G59: 0.1 | H59: -8.694 | I59: 0.131 | J59: =F59-H59 -> 0.236 | K59: =SQRT((G59)^2 + (I59)^2) -> 0.16480595 | L59: =K59^2 -> 0.027161 | M59: 0.83 | N59: =(J59-M59)^2 -> 0.352836
... A64: 100 ns | B64: Light Chain | C64: F92 | D64: F623 | E64: A623 | F64: -23.776 | G64: 0.285 | H64: -24.714 | I64: 0.24 | J64: =F64-H64 -> 0.938 | K64: =SQRT((G64)^2 + (I64)^2) -> 0.37259227 | L64: =K64^2 -> 0.138825 | M64: 0.83 | N64: =(J64-M64)^2 -> 0.011664
L65: SUM | N65: SUM
L66: =SUM(L48:L64) -> 1.122615 | N66: =SUM(N48:N64) -> 27.620934
M68: RMSE | N68: =SQRT(N66/17) -> 1.2746611
M69: Uncertainty | N69: =SQRT(L66/17) -> 0.25697505

Sheet Truncated VRCPG4-Glycan Present
A1: 20 ns - All Without G Present
A2: Time | B2: Chain | C2: Residue Number | D2: Mutation | E2: Alanine | F2: DG-Complex | G2: Uncertainty-Complex | H2: DG-Antibody | I2: Uncertainty-Antibody | J2: DDG | K2: Uncertainty | L2: Uncertainty^2 | M2: Database | N2: Squared Error
A3: 20 ns | B3: Heavy Chain | C3: L34 | D3: L332 | E3: A332 | F3: 4.749 | G3: 0.398 | H3: 2.624 | I3: 0.248 | J3: =F3-H3 -> 2.125 | K3: =SQRT((G3)^2 + (I3)^2) -> 0.46894349 | L3: =K3^2 -> 0.219908 | M3: 0.57 | N3: =(J3-M3)^2 -> 2.418025
A4: 100 ns | B4: Heavy Chain | C4: W47 | D4: W346 | E4: A346 | F4: -38.622 | G4: 0.701 | H4: -40.955 | I4: 0.219 | J4: =F4-H4 -> 2.333 | K4: =SQRT((G4)^2 + (I4)^2) -> 0.73441269 | L4: =K4^2 -> 0.539362 | M4: 1.07 | N4: =(J4-M4)^2 -> 1.595169
A5: 100 ns | B5: Heavy Chain | C5: W50 | D5: W349 | E5: A349 | F5: -41.331 | G5: 0.258 | H5: -43.83 | I5: 0.17 | J5: =F5-H5 -> 2.499 | K5: =SQRT((G5)^2 + (I5)^2) -> 0.30897249 | L5: =K5^2 -> 0.095464 | M5: 1.53 | N5: =(J5-M5)^2 -> 0.938961
A6: 20 ns | B6: Heavy Chain | C6: V52B | D6: W353 | E6: S353 | F6: -4.309 | G6: 0.234 | H6: -4.296 | I6: 0.048 | J6: =F6-H6 -> -0.013 | K6: =SQRT((G6)^2 + (I6)^2) -> 0.23887235 | L6: =K6^2 -> 0.05706 | M6: -0.82 | N6: =(J6-M6)^2 -> 0.651249
A7: 20 ns | B7: Heavy Chain | C7: T53 | D7: T354 | E7: A354 | F7: 12.283 | G7: 0.18 | H7: 12.985 | I7: 0.034 | J7: =F7-H7 -> -0.702 | K7: =SQRT((G7)^2 + (I7)^2) -> 0.18318297 | L7: =K7^2 -> 0.033556 | M7: -0.85 | N7: =(J7-M7)^2 -> 0.021904
A8: 20 ns | B8: Heavy Chain | C8: G54 | D8: G355 | E8: A355 | F8: 16.119 | G8: 0.214 | H8: 13.843 | I8: 0.093 | J8: =F8-H8 -> 2.276 | K8: =SQRT((G8)^2 + (I8)^2) -> 0.23333452 | L8: =K8^2 -> 0.054445 | M8: 0.46 | N8: =(J8-M8)^2 -> 3.297856
A9: 20 ns | B9: Heavy Chain | C9: V56 | D9: V357 | E9: A357 | F9: -4.789 | G9: 0.093 | H9: -4.982 | I9: 0.019 | J9: =F9-H9 -> 0.193 | K9: =SQRT((G9)^2 + (I9)^2) -> 0.09492102 | L9: =K9^2 -> 0.00901 | M9: 0.99 | N9: =(J9-M9)^2 -> 0.635209
A10: 20 ns | B10: Heavy Chain | C10: N57 | D10: N358 | E10: A358 | F10: 70.179 | G10: 0.241 | H10: 69.418 | I10: 0.04 | J10: =F10-H10 -> 0.761 | K10: =SQRT((G10)^2 + (I10)^2) -> 0.24429695 | L10: =K10^2 -> 0.059681 | M10: 1.53 | N10: =(J10-M10)^2 -> 0.591361
A11: 20 ns | B11: Heavy Chain | C11: G59 | D11: G360 | E11: A360 | F11: 11.674 | G11: 0.111 | H11: 12.246 | I11: 0.173 | J11: =F11-H11 -> -0.572 | K11: =SQRT((G11)^2 + (I11)^2) -> 0.20554805 | L11: =K11^2 -> 0.04225 | M11: 0.06 | N11: =(J11-M11)^2 -> 0.399424
A12: 20 ns | B12: Heavy Chain | C12: Y98 | D12: Y402 | E12: A402 | F12: -7.727 | G12: 0.343 | H12: -8.286 | I12: 0.099 | J12: =F12-H12 -> 0.559 | K12: =SQRT((G12)^2 + (I12)^2) -> 0.3570014 | L12: =K12^2 -> 0.12745 | M12: 0.47 | N12: =(J12-M12)^2 -> 0.007921
A13: 20 ns | B13: Heavy Chain | C13: T99 | D13: T403 | E13: A403 | F13: 11.613 | G13: 0.127 | H13: 10.423 | I13: 0.135 | J13: =F13-H13 -> 1.19 | K13: =SQRT((G13)^2 + (I13)^2) -> 0.18534832 | L13: =K13^2 -> 0.034354 | M13: -0.43 | N13: =(J13-M13)^2 -> 2.6244
A14: 100 ns | B14: Heavy Chain | C14: G100 | D14: G404 | E14: A404 | F14: 13.137 | G14: 0.168 | H14: 12.03 | I14: 0.122 | J14: =F14-H14 -> 1.107 | K14: =SQRT((G14)^2 + (I14)^2) -> 0.20762466 | L14: =K14^2 -> 0.043108 | M14: -0.27 | N14: =(J14-M14)^2 -> 1.896129
... A16: 100 ns | B16: Heavy Chain | C16: G100C | D16: G407 | E16: A407 | F16: 14.385 | G16: 0.055 | H16: 14.123 | I16: 0.159 | J16: =F16-H16 -> 0.262 | K16: =SQRT((G16)^2 + (I16)^2) -> 0.16824387 | L16: =K16^2 -> 0.028306 | M16: 0.19 | N16: =(J16-M16)^2 -> 0.005184
A17: 20 ns | B17: Light Chain | C17: V3 | D17: V526 | E17: A526 | F17: -5.105 | G17: 0.086 | H17: -5.056 | I17: 0.051 | J17: =(F17-H17) -> -0.049 | K17: =SQRT((G17)^2 + (I17)^2) -> 0.099984999 | L17: =K17^2 -> 0.009997 | M17: -0.51 | N17: =(J17-M17)^2 -> 0.212521
A18: 100 ns | B18: Light Chain | C18: Y30 | D18: Y551 | E18: A551 | F18: -8.881 | G18: 0.043 | H18: -8.964 | I18: 0.043 | J18: =(F18-H18) -> 0.083 | K18: =SQRT((G18)^2 + (I18)^2) -> 0.060811183 | L18: =K18^2 -> 0.003698 | M18: 1.13 | N18: =(J18-M18)^2 -> 1.096209
A19: 100 ns | B19: Light Chain | C19: G31 | D19: G552 | E19: A552 | F19: 12.08 | G19: 0.26 | H19: 11.585 | I19: 0.122 | J19: =(F19-H19) -> 0.495 | K19: =SQRT((G19)^2 + (I19)^2) -> 0.28720028 | L19: =K19^2 -> 0.082484 | M19: 0.47 | N19: =(J19-M19)^2 -> 0.000625
A20: 100 ns | B20: Light Chain | C20: L91 | D20: L612 | E20: A612 | F20: 7.536 | G20: 0.108 | H20: 6.286 | I20: 0.091 | J20: =(F20-H20) -> 1.25 | K20: =SQRT((G20)^2 + (I20)^2) -> 0.14122677 | L20: =K20^2 -> 0.019945 | M20: 0.97 | N20: =(J20-M20)^2 -> 0.0784
A21: 100 ns | B21: Light Chain | C21: F97 | D21: F614 | E21: A614 | F21: -24.761 | G21: 0.145 | H21: -24.088 | I21: 0.092 | J21: =(F21-H21) -> -0.673 | K21: =SQRT((G21)^2 + (I21)^2) -> 0.17172362 | L21: =K21^2 -> 0.029489 | M21: 0.02 | N21: =(J21-M21)^2 -> 0.480249
L22: SUM | N22: SUM
L23: =SUM(L3:L21) -> 1.521308 | N23: =SUM(N3:N21) -> 17.435212
M25: RMSE | N25: =SQRT(N23/19) -> 0.95793671
M26: Uncertainty | N26: =SQRT(L23/19) -> 0.28296438
A28: Without G Present
A29: Time | B29: Chain | C29: Residue Number | D29: Mutation | E29: Alanine | F29: DG-Complex | G29: Uncertainty-Complex | H29: DG-Antibody | I29: Uncertainty-Antibody | J29: DDG | K29: Uncertainty | L29: Uncertainty^2 | M29: Database | N29: Squared Error
A30: 100 ns | B30: Heavy Chain | C30: W47 | D30: W346 | E30: A346 | F30: -38.622 | G30: 0.701 | H30: -40.955 | I30: 0.219 | J30: =F30-H30 -> 2.333 | K30: =SQRT((G30)^2 + (I30)^2) -> 0.73441269 | L30: =K30^2 -> 0.539362 | M30: 1.07 | N30: =(J30-M30)^2 -> 1.595169
A31: 100 ns | B31: Heavy Chain | C31: W50 | D31: W349 | E31: A349 | F31: -41.331 | G31: 0.258 | H31: -43.83 | I31: 0.17 | J31: =F31-H31 -> 2.499 | K31: =SQRT((G31)^2 + (I31)^2) -> 0.30897249 | L31: =K31^2 -> 0.095464 | M31: 1.53 | N31: =(J31-M31)^2 -> 0.938961
A32: 100 ns | B32: Heavy Chain | C32: G100 | D32: G404 | E32: A404 | F32: 13.137 | G32: 0.168 | H32: 12.03 | I32: 0.122 | J32: =F32-H32 -> 1.107 | K32: =SQRT((G32)^2 + (I32)^2) -> 0.20762466 | L32: =K32^2 -> 0.043108 | M32: -0.27 | N32: =(J32-M32)^2 -> 1.896129
A33: 100 ns | B33: Heavy Chain | C33: G100A | D33: G405 | E33: A405 | F33: 10.42 | G33: 0.05 | H33: 11.746 | I33: 0.171 | J33: =F33-H33 -> -1.326 | K33: =SQRT((G33)^2 + (I33)^2) -> 0.17816004 | L33: =K33^2 -> 0.031741 | M33: -0.63 | N33: =(J33-M33)^2 -> 0.484416
A34: 100 ns | B34: Heavy Chain | C34: G100C | D34: G407 | E34: A407 | F34: 14.385 | G34: 0.055 | H34: 14.123 | I34: 0.159 | J34: =F34-H34 -> 0.262 | K34: =SQRT((G34)^2 + (I34)^2) -> 0.16824387 | L34: =K34^2 -> 0.028306 | M34: 0.19 | N34: =(J34-M34)^2 -> 0.005184
A35: 100 ns | B35: Light Chain | C35: Y30 | D35: Y551 | E35: A551 | F35: -8.881 | G35: 0.043 | H35: -8.964 | I35: 0.043 | J35: =(F35-H35) -> 0.083 | K35: =SQRT((G35)^2 + (I35)^2) -> 0.060811183 | L35: =K35^2 -> 0.003698 | M35: 1.13 | N35: =(J35-M35)^2 -> 1.096209
A36: 100 ns | B36: Light Chain | C36: G31 | D36: G552 | E36: A552 | F36: 12.08 | G36: 0.26 | H36: 11.585 | I36: 0.122 | J36: =(F36-H36) -> 0.495 | K36: =SQRT((G36)^2 + (I36)^2) -> 0.28720028 | L36: =K36^2 -> 0.082484 | M36: 0.47 | N36: =(J36-M36)^2 -> 0.000625
A37: 100 ns | B37: Light Chain | C37: L91 | D37: L612 | E37: A612 | F37: 7.536 | G37: 0.108 | H37: 6.286 | I37: 0.091 | J37: =(F37-H37) -> 1.25 | K37: =SQRT((G37)^2 + (I37)^2) -> 0.14122677 | L37: =K37^2 -> 0.019945 | M37: 0.97 | N37: =(J37-M37)^2 -> 0.0784
A38: 100 ns | B38: Light Chain | C38: F97 | D38: F614 | E38: A614 | F38: -24.761 | G38: 0.145 | H38: -24.088 | I38: 0.092 | J38: =(F38-H38) -> -0.673 | K38: =SQRT((G38)^2 + (I38)^2) -> 0.17172362 | L38: =K38^2 -> 0.029489 | M38: 0.02 | N38: =(J38-M38)^2 -> 0.480249
A41: With G Present
A42: Time | B42: Chain | C42: Residue Number | D42: Mutation | E42: Alanine | F42: DG-Complex | G42: Uncertainty-Complex | H42: DG-Antibody | I42: Uncertainty-Antibody | J42: DDG | K42: Uncertainty | L42: Uncertainty^2 | M42: Database | N42: Squared Error | O42: Convergence Status
A43: 100 ns | B43: Heavy Chain | C43: W47 | D43: W346 | E43: A346 | F43: -38.72 | G43: 0.44657474 | H43: -40.955 | I43: 0.219 | J43: =(F43-H43) -> 2.235 | K43: =SQRT((G43)^2 + (I43)^2) -> 0.49738315 | L43: =K43^2 -> 0.24739 | M43: 1.07 | N43: =(J43-M43)^2 -> 1.357225 | O43: Complex Converged after 1st 100 ns
A44: 100 ns | B44: Heavy Chain | C44: W50 | D44: W349 | E44: A349 | F44: -41.609 | G44: 0.37 | H44: -43.83 | I44: 0.17 | J44: =(F44-H44) -> 2.221 | K44: =SQRT((G44)^2 + (I44)^2) -> 0.40718546 | L44: =K44^2 -> 0.1658 | M44: 1.53 | N44: =(J44-M44)^2 -> 0.477481 | O44: Complex Converged after 1st 100 ns
A45: 100 ns | B45: Heavy Chain | C45: G100 | D45: G404 | E45: A404 | F45: 13.455 | G45: 0.254 | H45: 12.03 | I45: 0.122 | J45: =(F45-H45) -> 1.425 | K45: =SQRT((G45)^2 + (I45)^2) -> 0.28178006 | L45: =K45^2 -> 0.0794 | M45: -0.27 | N45: =(J45-M45)^2 -> 2.873025 | O45: Complex Converged after 1st 100 ns
A46: 100 ns | B46: Heavy Chain | C46: G100A | D46: G405 | E46: A405 | F46: 11.936 | G46: 0.185 | H46: 11.746 | I46: 0.171 | J46: =(F46-H46) -> 0.19 | K46: =SQRT((G46)^2 + (I46)^2) -> 0.25192459 | L46: =K46^2 -> 0.063466 | M46: -0.63 | N46: =(J46-M46)^2 -> 0.6724 | O46: Complex Converged after 1st 100 ns
A47: 100 ns | B47: Heavy Chain | C47: G100C | D47: G407 | E47: A407 | F47: 14.977 | G47: 0.12258874 | H47: 14.123 | I47: 0.159 | J47: =(F47-H47) -> 0.854 | K47: =SQRT((G47)^2 + (I47)^2) -> 0.20077101 | L47: =K47^2 -> 0.040308999 | M47: 0.19 | N47: =(J47-M47)^2 -> 0.440896 | O47: Complex Converged after 1st 100 ns
A48: 100 ns | B48: Light Chain | C48: Y30 | D48: Y551 | E48: A551 | F48: -8.954 | G48: 0.08 | H48: -8.964 | I48: 0.043 | J48: =(F48-H48) -> 0.01 | K48: =SQRT((G48)^2 + (I48)^2) -> 0.090824006 | L48: =K48^2 -> 0.008249 | M48: 1.13 | N48: =(J48-M48)^2 -> 1.2544 | O48: Complex Converged after 1st 100 ns
A49: 100 ns | B49: Light Chain | C49: G31 | D49: G552 | E49: A552 | F49: 12.417 | G49: 0.148 | H49: 11.585 | I49: 0.122 | J49: =(F49-H49) -> 0.832 | K49: =SQRT((G49)^2 + (I49)^2) -> 0.19180198 | L49: =K49^2 -> 0.036788 | M49: 0.47 | N49: =(J49-M49)^2 -> 0.131044 | O49: Complex Converged after 1st 100 ns
A50: 100 ns | B50: Light Chain | C50: L91 | D50: L612 | E50: A612 | F50: 6.388 | G50: 0.18 | H50: 6.286 | I50: 0.091 | J50: =(F50-H50) -> 0.102 | K50: =SQRT((G50)^2 + (I50)^2) -> 0.20169531 | L50: =K50^2 -> 0.040681 | M50: 0.97 | N50: =(J50-M50)^2 -> 0.753424 | O50: Complex Converged after 1st 100 ns
A51: 100 ns | B51: Light Chain | C51: F97 | D51: F614 | E51: A614 | F51: -24.625 | G51: 0.25446611 | H51: -24.088 | I51: 0.092 | J51: =(F51-H51) -> -0.537 | K51: =SQRT((G51)^2 + (I51)^2) -> 0.2705864 | L51: =K51^2 -> 0.073217001 | M51: 0.02 | N51: =(J51-M51)^2 -> 0.310249
A54: 20 ns - All With G Present
A55: Time | B55: Chain | C55: Residue Number | D55: Mutation | E55: Alanine | F55: DG-Complex | G55: Uncertainty-Complex | H55: DG-Antibody | I55: Uncertainty-Antibody | J55: DDG | K55: Uncertainty | L55: Uncertainty^2 | M55: Database | N55: Squared Error
A56: 20 ns | B56: Heavy Chain | C56: L34 | D56: L332 | E56: A332 | F56: 4.749 | G56: 0.398 | H56: 2.624 | I56: 0.248 | J56: =F56-H56 -> 2.125 | K56: =SQRT((G56)^2 + (I56)^2) -> 0.46894349 | L56: =K56^2 -> 0.219908 | M56: 0.57 | N56: =(J56-M56)^2 -> 2.418025
A57: 100 ns | B57: Heavy Chain | C57: W47 | D57: W346 | E57: A346 | F57: -38.72 | G57: 0.44657474 | H57: -40.955 | I57: 0.219 | J57: =(F57-H57) -> 2.235 | K57: =SQRT((G57)^2 + (I57)^2) -> 0.49738315 | L57: =K57^2 -> 0.24739 | M57: 1.07 | N57: =(J57-M57)^2 -> 1.357225
A58: 100 ns | B58: Heavy Chain | C58: W50 | D58: W349 | E58: A349 | F58: -41.609 | G58: 0.37 | H58: -43.83 | I58: 0.17 | J58: =(F58-H58) -> 2.221 | K58: =SQRT((G58)^2 + (I58)^2) -> 0.40718546 | L58: =K58^2 -> 0.1658 | M58: 1.53 | N58: =(J58-M58)^2 -> 0.477481
A59: 20 ns | B59: Heavy Chain | C59: V52B | D59: W353 | E59: S353 | F59: -4.309 | G59: 0.234 | H59: -4.296 | I59: 0.048 | J59: =F59-H59 -> -0.013 | K59: =SQRT((G59)^2 + (I59)^2) -> 0.23887235 | L59: =K59^2 -> 0.05706 | M59: -0.82 | N59: =(J59-M59)^2 -> 0.651249
A60: 20 ns | B60: Heavy Chain | C60: T53 | D60: T354 | E60: A354 | F60: 12.283 | G60: 0.18 | H60: 12.985 | I60: 0.034 | J60: =F60-H60 -> -0.702 | K60: =SQRT((G60)^2 + (I60)^2) -> 0.18318297 | L60: =K60^2 -> 0.033556 | M60: -0.85 | N60: =(J60-M60)^2 -> 0.021904
A61: 20 ns | B61: Heavy Chain | C61: G54 | D61: G355 | E61: A355 | F61: 16.119 | G61: 0.214 | H61: 13.843 | I61: 0.093 | J61: =F61-H61 -> 2.276 | K61: =SQRT((G61)^2 + (I61)^2) -> 0.23333452 | L61: =K61^2 -> 0.054445 | M61: 0.46 | N61: =(J61-M61)^2 -> 3.297856
A62: 20 ns | B62: Heavy Chain | C62: V56 | D62: V357 | E62: A357 | F62: -4.789 | G62: 0.093 | H62: -4.982 | I62: 0.019 | J62: =F62-H62 -> 0.193 | K62: =SQRT((G62)^2 + (I62)^2) -> 0.09492102 | L62: =K62^2 -> 0.00901 | M62: 0.99 | N62: =(J62-M62)^2 -> 0.635209
A63: 20 ns | B63: Heavy Chain | C63: N57 | D63: N358 | E63: A358 | F63: 70.179 | G63: 0.241 | H63: 69.418 | I63: 0.04 | J63: =F63-H63 -> 0.761 | K63: =SQRT((G63)^2 + (I63)^2) -> 0.24429695 | L63: =K63^2 -> 0.059681 | M63: 1.53 | N63: =(J63-M63)^2 -> 0.591361
A64: 20 ns | B64: Heavy Chain | C64: G59 | D64: G360 | E64: A360 | F64: 11.674 | G64: 0.111 | H64: 12.246 | I64: 0.173 | J64: =F64-H64 -> -0.572 | K64: =SQRT((G64)^2 + (I64)^2) -> 0.20554805 | L64: =K64^2 -> 0.04225 | M64: 0.06 | N64: =(J64-M64)^2 -> 0.399424
A65: 20 ns | B65: Heavy Chain | C65: Y98 | D65: Y402 | E65: A402 | F65: -7.727 | G65: 0.343 | H65: -8.286 | I65: 0.099 | J65: =F65-H65 -> 0.559 | K65: =SQRT((G65)^2 + (I65)^2) -> 0.3570014 | L65: =K65^2 -> 0.12745 | M65: 0.47 | N65: =(J65-M65)^2 -> 0.007921
A66: 20 ns | B66: Heavy Chain | C66: T99 | D66: T403 | E66: A403 | F66: 11.613 | G66: 0.127 | H66: 10.423 | I66: 0.135 | J66: =F66-H66 -> 1.19 | K66: =SQRT((G66)^2 + (I66)^2) -> 0.18534832 | L66: =K66^2 -> 0.034354 | M66: -0.43 | N66: =(J66-M66)^2 -> 2.6244
A67: 100 ns | B67: Heavy Chain | C67: G100 | D67: G404 | E67: A404 | F67: 13.455 | G67: 0.254 | H67: 12.03 | I67: 0.122 | J67: =(F67-H67) -> 1.425 | K67: =SQRT((G67)^2 + (I67)^2) -> 0.28178006 | L67: =K67^2 -> 0.0794 | M67: -0.27 | N67: =(J67-M67)^2 -> 2.873025
A68: 100 ns | B68: Heavy Chain | C68: G100A | D68: G405 | E68: A405 | F68: 11.936 | G68: 0.185 | H68: 11.746 | I68: 0.171 | J68: =(F68-H68) -> 0.19 | K68: =SQRT((G68)^2 + (I68)^2) -> 0.25192459 | L68: =K68^2 -> 0.063466 | M68: -0.63 | N68: =(J68-M68)^2 -> 0.6724
A69: 100 ns | B69: Heavy Chain | C69: G100C | D69: G407 | E69: A407 | F69: 14.977 | G69: 0.12258874 | H69: 14.123 | I69: 0.159 | J69: =(F69-H69) -> 0.854 | K69: =SQRT((G69)^2 + (I69)^2) -> 0.20077101 | L69: =K69^2 -> 0.040308999 | M69: 0.19 | N69: =(J69-M69)^2 -> 0.440896
A70: 20 ns | B70: Light Chain | C70: V3 | D70: V526 | E70: A526 | F70: -5.105 | G70: 0.086 | H70: -5.056 | I70: 0.051 | J70: =(F70-H70) -> -0.049 | K70: =SQRT((G70)^2 + (I70)^2) -> 0.099984999 | L70: =K70^2 -> 0.009997 | M70: -0.51 | N70: =(J70-M70)^2 -> 0.212521
A71: 100 ns | B71: Light Chain | C71: Y30 | D71: Y551 | E71: A551 | F71: -8.954 | G71: 0.08 | H71: -8.964 | I71: 0.043 | J71: =(F71-H71) -> 0.01 | K71: =SQRT((G71)^2 + (I71)^2) -> 0.090824006 | L71: =K71^2 -> 0.008249 | M71: 1.13 | N71: =(J71-M71)^2 -> 1.2544
A72: 100 ns | B72: Light Chain | C72: G31 | D72: G552 | E72: A552 | F72: 12.417 | G72: 0.148 | H72: 11.585 | I72: 0.122 | J72: =(F72-H72) -> 0.832 | K72: =SQRT((G72)^2 + (I72)^2) -> 0.19180198 | L72: =K72^2 -> 0.036788 | M72: 0.47 | N72: =(J72-M72)^2 -> 0.131044
A73: 100 ns | B73: Light Chain | C73: L91 | D73: L612 | E73: A612 | F73: 6.388 | G73: 0.18 | H73: 6.286 | I73: 0.091 | J73: =(F73-H73) -> 0.102 | K73: =SQRT((G73)^2 + (I73)^2) -> 0.20169531 | L73: =K73^2 -> 0.040681 | M73: 0.97 | N73: =(J73-M73)^2 -> 0.753424
A74: 100 ns | B74: Light Chain | C74: F97 | D74: F614 | E74: A614 | F74: -24.625 | G74: 0.25446611 | H74: -24.088 | I74: 0.092 | J74: =(F74-H74) -> -0.537 | K74: =SQRT((G74)^2 + (I74)^2) -> 0.2705864 | L74: =K74^2 -> 0.073217001 | M74: 0.02 | N74: =(J74-M74)^2 -> 0.310249
L75: SUM | N75: SUM
L76: =SUM(L56:L74) -> 1.403011 | N76: =SUM(N56:N74) -> 19.130014
M78: RMSE | N78: =SQRT(N76/19) -> 1.0034156
M79: Uncertainty | N79: =SQRT(L76/19) -> 0.2717401

Sheet All- Glycan Present
A1: 20 ns - All With G Present
A2: Time | B2: Chain | C2: Residue Number | D2: Mutation | E2: Alanine | F2: DG-Complex | G2: Uncertainty-Complex | H2: DG-Antibody | I2: Uncertainty-Antibody | J2: DDG | K2: Uncertainty | L2: Uncertainty^2 | M2: Database | N2: Squared Error
A3: 20 ns | B3: Heavy Chain | C3: I30 | D3: I328 | E3: A328 | F3: -12.409 | G3: 0.209 | H3: -13.033 | I3: 0.202 | J3: =F3-H3 -> 0.624 | K3: =SQRT((G3)^2 + (I3)^2) -> 0.29066304 | L3: =K3^2 -> 0.084485 | M3: -0.01 | N3: =(J3-M3)^2 -> 0.401956
A4: 20 ns | B4: Heavy Chain | C4: T33 | D4: T331 | E4: A331 | F4: 11.23 | G4: 0.182 | H4: 11.393 | I4: 0.092 | J4: =F4-H4 -> -0.163 | K4: =SQRT((G4)^2 + (I4)^2) -> 0.20393136 | L4: =K4^2 -> 0.041588 | M4: 0.7 | N4: =(J4-M4)^2 -> 0.744769
A5: 20 ns | B5: Heavy Chain | C5: W47 | D5: W345 | E5: A345 | F5: -33.622 | G5: 0.414 | H5: -37.578 | I5: 0.168 | J5: =F5-H5 -> 3.956 | K5: =SQRT((G5)^2 + (I5)^2) -> 0.44678854 | L5: =K5^2 -> 0.19962 | M5: 1.19 | N5: =(J5-M5)^2 -> 7.650756
A6: 100 ns | B6: Heavy Chain | C6: W50 | D6: W348 | E6: A348 | F6: -40.415 | G6: 0.307 | H6: -41.499 | I6: 0.234 | J6: =F6-H6 -> 1.084 | K6: =SQRT((G6)^2 + (I6)^2) -> 0.38601166 | L6: =K6^2 -> 0.149005 | M6: 1.28 | N6: =(J6-M6)^2 -> 0.038416
A7: 20 ns | B7: Heavy Chain | C7: G54 | D7: G353 | E7: A353 | F7: 12.587 | G7: 0.145 | H7: 11.454 | I7: 0.09 | J7: =F7-H7 -> 1.133 | K7: =SQRT((G7)^2 + (I7)^2) -> 0.17066048 | L7: =K7^2 -> 0.029125 | M7: -1.28 | N7: =(J7-M7)^2 -> 5.822569
A8: 20 ns | B8: Heavy Chain | C8: G55 | D8: G354 | E8: A354 | F8: 15.213 | G8: 0.249 | H8: 13.408 | I8: 0.07 | J8: =F8-H8 -> 1.805 | K8: =SQRT((G8)^2 + (I8)^2) -> 0.25865228 | L8: =K8^2 -> 0.066901 | M8: 1.26 | N8: =(J8-M8)^2 -> 0.297025
A9: 20 ns | B9: Heavy Chain | C9: V57 | D9: V356 | E9: A356 | F9: -5.405 | G9: 0.225 | H9: -6.15 | I9: 0.091 | J9: =F9-H9 -> 0.745 | K9: =SQRT((G9)^2 + (I9)^2) -> 0.24270558 | L9: =K9^2 -> 0.058906 | M9: 1.35 | N9: =(J9-M9)^2 -> 0.366025
A10: 20 ns | B10: Heavy Chain | C10: N58 | D10: N357 | E10: A357 | F10: 69.421 | G10: 0.413 | H10: 70.144 | I10: 0.026 | J10: =F10-H10 -> -0.723 | K10: =SQRT((G10)^2 + (I10)^2) -> 0.41381759 | L10: =K10^2 -> 0.171245 | M10: 1.76 | N10: =(J10-M10)^2 -> 6.165289
A11: 20 ns | B11: Heavy Chain | C11: Y59 | D11: Y358 | E11: A358 | F11: -6.807 | G11: 0.339 | H11: -6.854 | I11: 0.277 | J11: =F11-H11 -> 0.047 | K11: =SQRT((G11)^2 + (I11)^2) -> 0.43777848 | L11: =K11^2 -> 0.19165 | M11: 0.54 | N11: =(J11-M11)^2 -> 0.243049
A12: 20 ns | B12: Heavy Chain | C12: Q64 | D12: Q363 | E12: A363 | F12: 46.38 | G12: 0.126 | H12: 45.868 | I12: 0.08 | J12: =F12-H12 -> 0.512 | K12: =SQRT((G12)^2 + (I12)^2) -> 0.14925147 | L12: =K12^2 -> 0.022276 | M12: -0.35 | N12: =(J12-M12)^2 -> 0.743044
A13: 20 ns | B13: Heavy Chain | C13: M69 | D13: M368 | E13: A368 | F13: -2.515 | G13: 0.131 | H13: -2.371 | I13: 0.103 | J13: =F13-H13 -> -0.144 | K13: =SQRT((G13)^2 + (I13)^2) -> 0.16664333 | L13: =K13^2 -> 0.02777 | M13: 0.52 | N13: =(J13-M13)^2 -> 0.440896
A14: 20 ns | B14: Heavy Chain | C14: V73 | D14: V372 | E14: A372 | F14: -4.275 | G14: 0.292 | H14: -4.675 | I14: 0.09 | J14: =F14-H14 -> 0.4 | K14: =SQRT((G14)^2 + (I14)^2) -> 0.30555523 | L14: =K14^2 -> 0.093364 | M14: 1.08 | N14: =(J14-M14)^2 -> 0.4624
... A19: 20 ns | B19: Light Chain | C19: Q27 | D19: Q549 | E19: A549 | F19: 46.597 | G19: 0.138 | H19: 46.381 | I19: 0.076 | J19: =F19-H19 -> 0.216 | K19: =SQRT((G19)^2 + (I19)^2) -> 0.15754364 | L19: =K19^2 -> 0.02482 | M19: -0.24 | N19: =(J19-M19)^2 -> 0.207936
A20: 100 ns | B20: Light Chain | C20: Y28 | D20: Y550 | E20: A550 | F20: -8.954 | G20: 0.03827532 | H20: -8.448 | I20: 0.115 | J20: =(F20-H20) -> -0.506 | K20: =SQRT((G20)^2 + (I20)^2) -> 0.12120231 | L20: =K20^2 -> 0.01469 | M20: 0.97 | N20: =(J20-M20)^2 -> 2.178576
A21: 100 ns | B21: Light Chain | C21: S30 | D21: S552 | E21: A552 | F21: -8.358 | G21: 0.12831602 | H21: -8.229 | I21: 0.073 | J21: =(F21-H21) -> -0.129 | K21: =SQRT((G21)^2 + (I21)^2) -> 0.14762791 | L21: =K21^2 -> 0.021794001 | M21: -0.15 | N21: =(J21-M21)^2 -> 0.000441
A22: 100 ns | B22: Light Chain | C22: Y91 | D22: Y611 | E22: A611 | F22: -6.275 | G22: 0.26986293 | H22: -7.963 | I22: 0.096 | J22: =(F22-H22) -> 1.688 | K22: =SQRT((G22)^2 + (I22)^2) -> 0.28642975 | L22: =K22^2 -> 0.082042001 | M22: 2.01 | N22: =(J22-M22)^2 -> 0.103684
A23: 20 ns | B23: Light Chain | C23: F97 | D23: F613 | E23: A613 | F23: -23.72 | G23: 0.117 | H23: -23.589 | I23: 0.141 | J23: =F23-H23 -> -0.131 | K23: =SQRT((G23)^2 + (I23)^2) -> 0.18322118 | L23: =K23^2 -> 0.03357 | M23: 0.85 | N23: =(J23-M23)^2 -> 0.962361
A24: 20 ns | B24: Light Chain | C24: V3 | D24: V525 | E24: A525 | F24: -11.115 | G24: 0.283 | H24: -10.105 | I24: 0.123 | J24: =F24-H24 -> -1.01 | K24: =SQRT((G24)^2 + (I24)^2) -> 0.30857414 | L24: =K24^2 -> 0.095218 | M24: -0.78 | N24: =(J24-M24)^2 -> 0.0529
A25: 100 ns | B25: Heavy Chain | C25: W47 | D25: W345 | E25: A345 | F25: -32.84 | G25: 0.185 | H25: -37.601 | I25: 0.17 | J25: =F25-H25 -> 4.761 | K25: =SQRT((G25)^2 + (I25)^2) -> 0.25124689 | L25: =K25^2 -> 0.063125 | M25: 1.48 | N25: =(J25-M25)^2 -> 10.764961
A26: 100 ns | B26: Heavy Chain | C26: W50 | D26: W348 | E26: A348 | F26: -40.854 | G26: 0.308 | H26: -42.294 | I26: 0.098 | J26: =F26-H26 -> 1.44 | K26: =SQRT((G26)^2 + (I26)^2) -> 0.3232151 | L26: =K26^2 -> 0.104468 | M26: 1.33 | N26: =(J26-M26)^2 -> 0.0121
A27: 20 ns | B27: Heavy Chain | C27: L54 | D27: L352 | E27: A352 | F27: 5.507 | G27: 0.385 | H27: 6.383 | I27: 0.164 | J27: =F27-H27 -> -0.876 | K27: =SQRT((G27)^2 + (I27)^2) -> 0.41847461 | L27: =K27^2 -> 0.175121 | M27: 0.05 | N27: =(J27-M27)^2 -> 0.857476
A28: 100 ns | B28: Heavy Chain | C28: W55 | D28: W353 | E28: A353 | F28: -39.873 | G28: 0.339 | H28: -42.363 | I28: 0.047 | J28: =F28-H28 -> 2.49 | K28: =SQRT((G28)^2 + (I28)^2) -> 0.3422426 | L28: =K28^2 -> 0.11713 | M28: 0.76 | N28: =(J28-M28)^2 -> 2.9929
A29: 20 ns | B29: Heavy Chain | C29: G56 | D29: G354 | E29: A354 | F29: 15.722 | G29: 0.171 | H29: 13.2 | I29: 0.107 | J29: =F29-H29 -> 2.522 | K29: =SQRT((G29)^2 + (I29)^2) -> 0.20171762 | L29: =K29^2 -> 0.04069 | M29: 0.35 | N29: =(J29-M29)^2 -> 4.717584
A30: 20 ns | B30: Heavy Chain | C30: V58 | D30: V356 | E30: A356 | F30: -5.315 | G30: 0.23 | H30: -5.753 | I30: 0.077 | J30: =F30-H30 -> 0.438 | K30: =SQRT((G30)^2 + (I30)^2) -> 0.2425469 | L30: =K30^2 -> 0.058829 | M30: 1.25 | N30: =(J30-M30)^2 -> 0.659344
A31: 20 ns | B31: Heavy Chain | C31: S59 | D31: S357 | E31: A357 | F31: -5.461 | G31: 0.069 | H31: -6.91 | I31: 0.045 | J31: =F31-H31 -> 1.449 | K31: =SQRT((G31)^2 + (I31)^2) -> 0.082377181 | L31: =K31^2 -> 0.006786 | M31: 1.15 | N31: =(J31-M31)^2 -> 0.089401
A32: 20 ns | B32: Heavy Chain | C32: Y60 | D32: Y358 | E32: A358 | F32: -5.761 | G32: 0.127 | H32: -5.878 | I32: 0.345 | J32: =F32-H32 -> 0.117 | K32: =SQRT((G32)^2 + (I32)^2) -> 0.36763297 | L32: =K32^2 -> 0.135154 | M32: 0.86 | N32: =(J32-M32)^2 -> 0.552049
A33: 20 ns | B33: Heavy Chain | C33: Q63 | D33: Q361 | E33: A361 | F33: 47.467 | G33: 0.094 | H33: 46.307 | I33: 0.044 | J33: =F33-H33 -> 1.16 | K33: =SQRT((G33)^2 + (I33)^2) -> 0.10378825 | L33: =K33^2 -> 0.010772 | M33: 1.11 | N33: =(J33-M33)^2 -> 0.0025
A34: 20 ns | B34: Heavy Chain | C34: Q65 | D34: Q363 | E34: A363 | F34: 46.467 | G34: 0.204 | H34: 45.91 | I34: 0.047 | J34: =F34-H34 -> 0.557 | K34: =SQRT((G34)^2 + (I34)^2) -> 0.20934421 | L34: =K34^2 -> 0.043825 | M34: 0.55 | N34: =(J34-M34)^2 -> 4.9e-05
